attendee_id,direction,trip_option,leg1_mode,leg1_length,leg1_duration,leg2_mode,leg2_length,leg2_duration,leg3_mode,leg3_length,leg3_duration,leg4_mode,leg4_length,leg4_duration,leg5_mode,leg5_length,leg5_duration,leg6_mode,leg6_length,leg6_duration,leg7_mode,leg7_length,leg7_duration,leg8_mode,leg8_length,leg8_duration,leg9_mode,leg9_length,leg9_duration,leg10_mode,leg10_length,leg10_duration,leg11_mode,leg11_length,leg11_duration,leg12_mode,leg12_length,leg12_duration,leg13_mode,leg13_length,leg13_duration,leg14_mode,leg14_length,leg14_duration,leg15_mode,leg15_length,leg15_duration,total_duration,total_length
A00001,dep,1,WALK,1.04124,13.266666666666667,BUS,4.600359999999999,11.0,WALK,0.24699000000000002,3.5166666666666666,RAIL,10.89649,10.0,RAIL,132.41178,89.0,WALK,0.19712000000000002,2.933333333333333,RAIL,80.00296,48.0,WALK,0.45792,6.15,BUS,9.7371,20.0,WALK,1.77009,22.8,,,,,,,,,,,,,,,,226.66666666666669,241.36205
A00001,dep,2,WALK,1.04877,13.3,BUS,36.00607,52.0,WALK,0.43745,6.416666666666667,RAIL,117.65547000000001,77.0,WALK,0.19712000000000002,2.933333333333333,RAIL,80.00296,48.0,WALK,0.45792,6.15,BUS,9.7371,20.0,WALK,1.77009,22.8,,,,,,,,,,,,,,,,,,,248.60000000000002,247.31295000000003
A00001,dep,3,WALK,2.1396599999999997,27.15,BUS,3.26815,6.0,WALK,0.24918,3.45,RAIL,10.89649,10.0,RAIL,132.41178,89.0,WALK,0.19712000000000002,2.933333333333333,RAIL,80.00296,47.0,WALK,0.45792,6.15,BUS,7.16484,17.0,WALK,2.39898,30.766666666666666,,,,,,,,,,,,,,,,239.45,239.18708
A00001,dep,1,CAR,178.48072,114.18333333333334,,,,,,,,,,,,,,,,,,,,,,,,,,,,,,,,,,,,,,,,,,,114.18333333333334,178.48072
A00002,dep,1,WALK,7.93732,100.91666666666667,,,,,,,,,,,,,,,,,,,,,,,,,,,,,,,,,,,,,,,,,,,100.91666666666667,7.93732
A00002,dep,1,BICYCLE,7.98875,28.716666666666665,,,,,,,,,,,,,,,,,,,,,,,,,,,,,,,,,,,,,,,,,,,28.716666666666665,7.98875
A00002,dep,1,CAR,9.473799999999999,15.05,,,,,,,,,,,,,,,,,,,,,,,,,,,,,,,,,,,,,,,,,,,15.05,9.473799999999999
A00003,dep,1,WALK,4.26466,55.3,,,,,,,,,,,,,,,,,,,,,,,,,,,,,,,,,,,,,,,,,,,55.3,4.26466
A00003,dep,2,WALK,0.32195999999999997,4.433333333333334,BUS,4.659020000000001,10.0,WALK,1.7692999999999999,22.8,,,,,,,,,,,,,,,,,,,,,,,,,,,,,,,,,,,,,37.233333333333334,6.75028
A00003,dep,1,BICYCLE,4.92878,19.516666666666666,,,,,,,,,,,,,,,,,,,,,,,,,,,,,,,,,,,,,,,,,,,19.516666666666666,4.92878
A00003,dep,1,CAR,4.72561,8.216666666666667,,,,,,,,,,,,,,,,,,,,,,,,,,,,,,,,,,,,,,,,,,,8.216666666666667,4.72561
A00004,dep,1,WALK,2.39667,30.4,BUS,9.44834,22.0,WALK,0.19034,3.066666666666667,RAIL,36.83714,22.0,WALK,0.45792,6.15,BUS,7.16484,17.0,WALK,2.39898,30.766666666666666,,,,,,,,,,,,,,,,,,,,,,,,,131.38333333333333,58.89423
A00004,dep,1,BICYCLE,39.788940000000004,139.98333333333332,,,,,,,,,,,,,,,,,,,,,,,,,,,,,,,,,,,,,,,,,,,139.98333333333332,39.788940000000004
A00004,dep,1,CAR,39.57232,30.366666666666667,,,,,,,,,,,,,,,,,,,,,,,,,,,,,,,,,,,,,,,,,,,30.366666666666667,39.57232
A00005,dep,1,WALK,0.66174,8.533333333333333,BUS,10.129959999999999,26.0,BUS,9.7371,20.0,WALK,1.77009,22.8,,,,,,,,,,,,,,,,,,,,,,,,,,,,,,,,,,77.33333333333333,22.298889999999997
A00005,dep,2,WALK,0.66174,8.533333333333333,BUS,11.01315,26.0,BUS,7.16484,17.0,WALK,2.39898,30.766666666666666,,,,,,,,,,,,,,,,,,,,,,,,,,,,,,,,,,82.3,21.238709999999998
A00005,dep,1,BICYCLE,19.55435,69.56666666666666,,,,,,,,,,,,,,,,,,,,,,,,,,,,,,,,,,,,,,,,,,,69.56666666666666,19.55435
A00005,dep,1,CAR,19.586740000000002,21.35,,,,,,,,,,,,,,,,,,,,,,,,,,,,,,,,,,,,,,,,,,,21.35,19.586740000000002
A00006,dep,1,WALK,3.1387600000000004,39.733333333333334,BUS,2.45061,3.0,WALK,0.01815,0.35,BUS,23.18183,33.0,WALK,0.132,2.05,RAIL,75.00341,57.0,WALK,0.16293000000000002,2.45,RAIL,87.86362,50.0,WALK,0.19712000000000002,2.933333333333333,RAIL,80.00296,49.0,WALK,0.45775,6.15,BUS,7.16484,17.0,WALK,2.39898,30.766666666666666,,,,,,,293.4333333333333,282.17296
A00006,dep,2,WALK,3.16996,40.166666666666664,BUS,23.83685,40.0,WALK,0.18806,2.8666666666666667,RAIL,75.00341,53.0,WALK,0.16293000000000002,2.45,RAIL,87.86362,50.0,WALK,0.19712000000000002,2.933333333333333,RAIL,80.00296,49.0,WALK,0.45775,6.15,BUS,7.16484,17.0,WALK,2.39898,30.766666666666666,,,,,,,,,,,,,294.33333333333326,280.44648
A00006,dep,3,WALK,3.1387600000000004,39.733333333333334,BUS,2.45061,3.0,WALK,0.01815,0.35,BUS,23.18183,33.0,WALK,0.132,2.05,RAIL,75.00341,57.0,WALK,0.16293000000000002,2.45,RAIL,87.86362,50.0,WALK,0.19712000000000002,2.933333333333333,RAIL,80.00296,49.0,WALK,0.45775,6.15,BUS,7.16484,17.0,WALK,2.39898,30.766666666666666,,,,,,,293.4333333333333,282.17296
A00006,dep,1,CAR,246.1795,164.0,,,,,,,,,,,,,,,,,,,,,,,,,,,,,,,,,,,,,,,,,,,164.0,246.1795
A00007,dep,1,WALK,2.72725,35.68333333333333,,,,,,,,,,,,,,,,,,,,,,,,,,,,,,,,,,,,,,,,,,,35.68333333333333,2.72725
A00007,dep,1,BICYCLE,3.4557800000000003,13.083333333333334,,,,,,,,,,,,,,,,,,,,,,,,,,,,,,,,,,,,,,,,,,,13.083333333333334,3.4557800000000003
A00007,dep,1,CAR,5.2286,8.116666666666667,,,,,,,,,,,,,,,,,,,,,,,,,,,,,,,,,,,,,,,,,,,8.116666666666667,5.2286
A00008,dep,1,WALK,0.79092,10.35,BUS,1.3311,3.0,WALK,0.22119,3.566666666666667,RAIL,140.78885,97.0,WALK,0.19712000000000002,2.933333333333333,RAIL,80.00296,48.0,WALK,0.45792,6.15,BUS,9.7371,20.0,WALK,1.77009,22.8,,,,,,,,,,,,,,,,,,,213.80000000000004,235.29725000000002
A00008,dep,2,WALK,2.2696300000000003,29.633333333333333,RAIL,140.78885,97.0,WALK,0.19712000000000002,2.933333333333333,RAIL,80.00296,48.0,WALK,0.45792,6.15,BUS,9.7371,20.0,WALK,1.77009,22.8,,,,,,,,,,,,,,,,,,,,,,,,,226.51666666666668,235.22367000000003
A00008,dep,3,WALK,0.79092,10.35,BUS,1.3311,3.0,WALK,0.22723,3.65,RAIL,140.78885,98.0,WALK,0.19712000000000002,2.933333333333333,RAIL,80.00296,47.0,WALK,0.45792,6.15,BUS,7.16484,17.0,WALK,2.39898,30.766666666666666,,,,,,,,,,,,,,,,,,,218.85000000000002,233.35992000000002
A00008,dep,4,WALK,2.27567,29.7,RAIL,140.78885,98.0,WALK,0.19712000000000002,2.933333333333333,RAIL,80.00296,47.0,WALK,0.45792,6.15,BUS,7.16484,17.0,WALK,2.39898,30.766666666666666,,,,,,,,,,,,,,,,,,,,,,,,,231.55,233.28634
A00008,dep,5,WALK,0.79092,10.35,BUS,1.3311,3.0,WALK,0.22119,3.566666666666667,RAIL,140.78885,97.0,WALK,0.19712000000000002,2.933333333333333,RAIL,80.00296,48.0,WALK,0.45792,6.15,BUS,9.7371,20.0,WALK,1.77009,22.8,,,,,,,,,,,,,,,,,,,213.80000000000004,235.29725000000002
A00008,dep,1,CAR,174.52065,110.48333333333333,,,,,,,,,,,,,,,,,,,,,,,,,,,,,,,,,,,,,,,,,,,110.48333333333333,174.52065
A00009,dep,1,WALK,0.49767,6.433333333333334,BUS,6.05694,18.0,BUS,7.16484,17.0,WALK,2.39898,30.766666666666666,,,,,,,,,,,,,,,,,,,,,,,,,,,,,,,,,,72.2,16.11843
A00009,dep,2,WALK,0.040920000000000005,0.5166666666666667,BUS,6.720899999999999,22.0,BUS,7.16484,17.0,WALK,2.39898,30.766666666666666,,,,,,,,,,,,,,,,,,,,,,,,,,,,,,,,,,70.28333333333333,16.32564
A00009,dep,3,WALK,0.49767,6.433333333333334,BUS,6.05694,19.0,BUS,9.7371,20.0,WALK,1.77009,22.8,,,,,,,,,,,,,,,,,,,,,,,,,,,,,,,,,,68.23333333333333,18.0618
A00009,dep,4,WALK,0.040920000000000005,0.5166666666666667,BUS,6.720899999999999,22.0,BUS,7.16484,17.0,WALK,2.39898,30.766666666666666,,,,,,,,,,,,,,,,,,,,,,,,,,,,,,,,,,70.28333333333333,16.32564
A00009,dep,1,BICYCLE,14.555549999999998,52.583333333333336,,,,,,,,,,,,,,,,,,,,,,,,,,,,,,,,,,,,,,,,,,,52.583333333333336,14.555549999999998
A00009,dep,1,CAR,15.230379999999998,16.1,,,,,,,,,,,,,,,,,,,,,,,,,,,,,,,,,,,,,,,,,,,16.1,15.230379999999998
A00010,dep,1,WALK,13.24458,168.81666666666666,,,,,,,,,,,,,,,,,,,,,,,,,,,,,,,,,,,,,,,,,,,168.81666666666666,13.24458
A00010,dep,2,WALK,0.35578,4.716666666666667,BUS,9.29887,28.0,BUS,7.16484,17.0,WALK,2.39898,30.766666666666666,,,,,,,,,,,,,,,,,,,,,,,,,,,,,,,,,,80.48333333333333,19.218470000000003
A00010,dep,3,WALK,1.15419,15.366666666666667,BUS,8.08263,24.0,BUS,7.16484,17.0,WALK,2.39898,30.766666666666666,,,,,,,,,,,,,,,,,,,,,,,,,,,,,,,,,,87.13333333333333,18.80064
A00010,dep,4,WALK,0.35578,4.716666666666667,BUS,9.29887,28.0,BUS,7.16484,17.0,WALK,2.39898,30.766666666666666,,,,,,,,,,,,,,,,,,,,,,,,,,,,,,,,,,80.48333333333333,19.218470000000003
A00010,dep,1,BICYCLE,13.79461,48.7,,,,,,,,,,,,,,,,,,,,,,,,,,,,,,,,,,,,,,,,,,,48.7,13.79461
A00010,dep,1,CAR,16.09131,16.283333333333335,,,,,,,,,,,,,,,,,,,,,,,,,,,,,,,,,,,,,,,,,,,16.283333333333335,16.09131
A00011,dep,1,WALK,7.97039,102.3,,,,,,,,,,,,,,,,,,,,,,,,,,,,,,,,,,,,,,,,,,,102.3,7.97039
A00011,dep,2,WALK,2.45917,31.8,BUS,3.42915,11.0,BUS,7.841069999999999,21.0,WALK,2.5835100000000004,33.766666666666666,,,,,,,,,,,,,,,,,,,,,,,,,,,,,,,,,,97.56666666666666,16.3129
A00011,dep,3,WALK,2.45917,31.8,BUS,3.42915,13.0,BUS,9.7371,20.0,WALK,1.77009,22.8,,,,,,,,,,,,,,,,,,,,,,,,,,,,,,,,,,87.6,17.39551
A00011,dep,4,WALK,3.2041,41.583333333333336,BUS,6.8680699999999995,11.0,WALK,0.10101,1.6166666666666667,BUS,4.3455699999999995,10.0,WALK,2.39898,30.766666666666666,,,,,,,,,,,,,,,,,,,,,,,,,,,,,,,94.96666666666667,16.91773
A00011,dep,1,BICYCLE,8.430719999999999,30.066666666666666,,,,,,,,,,,,,,,,,,,,,,,,,,,,,,,,,,,,,,,,,,,30.066666666666666,8.430719999999999
A00011,dep,1,CAR,8.69745,8.883333333333333,,,,,,,,,,,,,,,,,,,,,,,,,,,,,,,,,,,,,,,,,,,8.883333333333333,8.69745
A00012,dep,1,WALK,2.51409,32.36666666666667,BUS,4.41877,17.0,WALK,0.16418000000000002,2.9833333333333334,RAIL,32.298880000000004,18.0,WALK,0.17565999999999998,2.6666666666666665,RAIL,80.00296,49.0,WALK,0.45775,6.15,BUS,7.16484,17.0,WALK,2.39898,30.766666666666666,,,,,,,,,,,,,,,,,,,175.93333333333334,129.59611
A00012,dep,2,WALK,1.84611,23.666666666666668,BUS,5.43243,19.0,WALK,0.16418000000000002,2.9833333333333334,RAIL,32.298880000000004,18.0,WALK,0.17342,2.6333333333333333,RAIL,80.00296,49.0,WALK,0.45775,6.15,BUS,7.16484,17.0,WALK,2.39898,30.766666666666666,,,,,,,,,,,,,,,,,,,169.2,129.93955
A00012,dep,3,WALK,2.51409,32.36666666666667,BUS,4.41877,17.0,WALK,0.16418000000000002,2.9833333333333334,RAIL,32.298880000000004,18.0,WALK,0.17565999999999998,2.6666666666666665,RAIL,80.00296,49.0,WALK,0.45775,6.15,BUS,7.16484,17.0,WALK,2.39898,30.766666666666666,,,,,,,,,,,,,,,,,,,175.93333333333334,129.59611
A00012,dep,1,CAR,108.36739999999999,68.26666666666667,,,,,,,,,,,,,,,,,,,,,,,,,,,,,,,,,,,,,,,,,,,68.26666666666667,108.36739999999999
A00013,dep,1,CAR,111.43521000000001,75.93333333333334,,,,,,,,,,,,,,,,,,,,,,,,,,,,,,,,,,,,,,,,,,,75.93333333333334,111.43521000000001
A00014,dep,1,WALK,2.1091100000000003,26.933333333333334,BUS,15.9223,30.0,WALK,0.2755,4.366666666666666,RAIL,43.2187,28.0,WALK,0.22147999999999998,3.0166666666666666,RAIL,32.07784,19.0,WALK,0.45775,6.15,BUS,7.16484,17.0,WALK,2.39898,30.766666666666666,,,,,,,,,,,,,,,,,,,165.23333333333335,103.84649999999999
A00014,dep,1,BICYCLE,62.97385,219.45,,,,,,,,,,,,,,,,,,,,,,,,,,,,,,,,,,,,,,,,,,,219.45,62.97385
A00014,dep,1,CAR,62.23338,44.65,,,,,,,,,,,,,,,,,,,,,,,,,,,,,,,,,,,,,,,,,,,44.65,62.23338
A00015,dep,1,WALK,1.13061,14.883333333333333,BUS,25.05696,23.0,WALK,0.13393,2.05,RAIL,152.53244,96.0,WALK,0.19712000000000002,2.933333333333333,RAIL,80.00296,49.0,WALK,0.45775,6.15,BUS,7.16484,17.0,WALK,2.39898,30.766666666666666,,,,,,,,,,,,,,,,,,,241.78333333333336,269.07559000000003
A00015,dep,2,WALK,2.45925,31.85,BUS,25.9547,36.0,WALK,0.13393,2.05,RAIL,64.66882,38.0,WALK,0.26027,3.783333333333333,RAIL,87.86362,50.0,WALK,0.19712000000000002,2.933333333333333,RAIL,80.00296,49.0,WALK,0.45775,6.15,BUS,7.16484,17.0,WALK,2.39898,30.766666666666666,,,,,,,,,,,,,267.53333333333336,271.56224000000003
A00015,dep,3,WALK,1.13061,14.883333333333333,BUS,2.15394,5.0,WALK,0.06287,0.9166666666666666,BUS,25.9547,36.0,WALK,0.13393,2.05,RAIL,64.66882,38.0,WALK,0.26027,3.783333333333333,RAIL,87.86362,50.0,WALK,0.19712000000000002,2.933333333333333,RAIL,80.00296,49.0,WALK,0.45775,6.15,BUS,7.16484,17.0,WALK,2.39898,30.766666666666666,,,,,,,256.48333333333335,272.45041000000003
A00015,dep,1,CAR,212.48646,132.06666666666666,,,,,,,,,,,,,,,,,,,,,,,,,,,,,,,,,,,,,,,,,,,132.06666666666666,212.48646
A00016,dep,1,WALK,0.77195,9.966666666666667,BUS,4.643800000000001,12.0,WALK,0.27605,4.3,RAIL,32.07784,19.0,WALK,0.45775,6.15,BUS,7.16484,17.0,WALK,2.39898,30.766666666666666,,,,,,,,,,,,,,,,,,,,,,,,,99.18333333333332,47.79121
A00016,dep,2,WALK,0.86136,11.15,BUS,5.56871,17.0,WALK,0.27605,4.3,RAIL,32.07784,19.0,WALK,0.45792,6.15,BUS,9.7371,20.0,WALK,1.77009,22.8,,,,,,,,,,,,,,,,,,,,,,,,,100.39999999999999,50.74907
A00016,dep,1,BICYCLE,31.84351,112.66666666666667,,,,,,,,,,,,,,,,,,,,,,,,,,,,,,,,,,,,,,,,,,,112.66666666666667,31.84351
A00016,dep,1,CAR,30.927130000000002,22.75,,,,,,,,,,,,,,,,,,,,,,,,,,,,,,,,,,,,,,,,,,,22.75,30.927130000000002
A00017,dep,1,WALK,0.65737,8.516666666666667,BUS,4.68655,16.0,WALK,0.27055,3.9166666666666665,RAIL,58.30546,38.0,WALK,0.45792,6.15,BUS,7.16484,17.0,WALK,2.39898,30.766666666666666,,,,,,,,,,,,,,,,,,,,,,,,,120.35000000000001,73.94166999999999
A00017,dep,2,WALK,1.38345,17.9,BUS,3.2191199999999998,10.0,BUS,1.2442,4.0,WALK,0.27055,3.9166666666666665,RAIL,58.30546,38.0,WALK,0.45792,6.15,BUS,7.16484,17.0,WALK,2.39898,30.766666666666666,,,,,,,,,,,,,,,,,,,,,,127.73333333333333,74.44452
A00017,dep,1,BICYCLE,51.90176,180.5,,,,,,,,,,,,,,,,,,,,,,,,,,,,,,,,,,,,,,,,,,,180.5,51.90176
A00017,dep,1,CAR,49.79694,38.733333333333334,,,,,,,,,,,,,,,,,,,,,,,,,,,,,,,,,,,,,,,,,,,38.733333333333334,49.79694
A00018,dep,1,WALK,12.024709999999999,152.66666666666666,,,,,,,,,,,,,,,,,,,,,,,,,,,,,,,,,,,,,,,,,,,152.66666666666666,12.024709999999999
A00018,dep,2,WALK,0.25349,3.283333333333333,BUS,7.19529,16.0,BUS,7.16484,17.0,WALK,2.39898,30.766666666666666,,,,,,,,,,,,,,,,,,,,,,,,,,,,,,,,,,67.05,17.0126
A00018,dep,3,WALK,0.94023,12.2,BUS,5.31512,12.0,WALK,0.08479,1.3,BUS,4.3455699999999995,10.0,WALK,2.39898,30.766666666666666,,,,,,,,,,,,,,,,,,,,,,,,,,,,,,,66.26666666666667,13.08469
A00018,dep,4,WALK,0.94023,12.2,BUS,5.31512,12.0,WALK,0.08479,1.3,BUS,6.91783,14.0,WALK,1.77009,22.8,,,,,,,,,,,,,,,,,,,,,,,,,,,,,,,62.3,15.02806
A00018,dep,5,WALK,0.25349,3.283333333333333,BUS,7.19529,16.0,BUS,9.7371,20.0,WALK,1.77009,22.8,,,,,,,,,,,,,,,,,,,,,,,,,,,,,,,,,,62.08333333333333,18.95597
A00018,dep,1,BICYCLE,12.8062,46.666666666666664,,,,,,,,,,,,,,,,,,,,,,,,,,,,,,,,,,,,,,,,,,,46.666666666666664,12.8062
A00018,dep,1,CAR,16.14047,16.683333333333334,,,,,,,,,,,,,,,,,,,,,,,,,,,,,,,,,,,,,,,,,,,16.683333333333334,16.14047
A00019,dep,1,WALK,0.18899000000000002,2.5833333333333335,BUS,11.63433,21.0,WALK,0.17166,2.466666666666667,RAIL,40.11278,28.0,WALK,0.41041000000000005,6.016666666666667,BUS,7.16484,17.0,WALK,2.39898,30.766666666666666,,,,,,,,,,,,,,,,,,,,,,,,,107.83333333333333,62.08199
A00019,dep,2,WALK,2.1238099999999998,27.666666666666668,RAIL,49.976440000000004,35.0,WALK,0.41041000000000005,6.016666666666667,BUS,7.16484,17.0,WALK,2.39898,30.766666666666666,,,,,,,,,,,,,,,,,,,,,,,,,,,,,,,116.45,62.07448
A00019,dep,3,WALK,2.1238099999999998,27.666666666666668,RAIL,49.976440000000004,35.0,WALK,0.41041000000000005,6.016666666666667,BUS,7.16484,17.0,WALK,2.39898,30.766666666666666,,,,,,,,,,,,,,,,,,,,,,,,,,,,,,,116.45,62.07448
A00019,dep,4,WALK,0.18794999999999998,2.566666666666667,BUS,2.82865,5.0,WALK,0.29234,4.45,RAIL,49.976440000000004,35.0,WALK,0.41041000000000005,6.016666666666667,BUS,7.16484,17.0,WALK,2.39898,30.766666666666666,,,,,,,,,,,,,,,,,,,,,,,,,100.8,63.25961
A00019,dep,1,BICYCLE,60.19392,206.58333333333334,,,,,,,,,,,,,,,,,,,,,,,,,,,,,,,,,,,,,,,,,,,206.58333333333334,60.19392
A00019,dep,1,CAR,68.42064,46.0,,,,,,,,,,,,,,,,,,,,,,,,,,,,,,,,,,,,,,,,,,,46.0,68.42064
A00020,dep,1,WALK,2.4704,31.65,,,,,,,,,,,,,,,,,,,,,,,,,,,,,,,,,,,,,,,,,,,31.65,2.4704
A00020,dep,1,BICYCLE,2.47775,9.716666666666667,,,,,,,,,,,,,,,,,,,,,,,,,,,,,,,,,,,,,,,,,,,9.716666666666667,2.47775
A00020,dep,1,CAR,2.717,4.483333333333333,,,,,,,,,,,,,,,,,,,,,,,,,,,,,,,,,,,,,,,,,,,4.483333333333333,2.717
A00021,dep,1,WALK,3.2356599999999998,41.05,BUS,14.68591,29.0,WALK,0.09669,1.4833333333333334,RAIL,64.69368,39.0,WALK,0.19712000000000002,2.933333333333333,RAIL,80.00296,48.0,WALK,0.45792,6.15,BUS,9.7371,20.0,WALK,1.77009,22.8,,,,,,,,,,,,,,,,,,,210.41666666666669,174.87713
A00021,dep,2,WALK,3.2356599999999998,41.05,BUS,14.68591,29.0,WALK,0.09669,1.4833333333333334,RAIL,64.69368,39.0,WALK,0.19712000000000002,2.933333333333333,RAIL,80.00296,47.0,WALK,0.45792,6.15,BUS,7.16484,17.0,WALK,2.39898,30.766666666666666,,,,,,,,,,,,,,,,,,,214.38333333333333,172.93375999999998
A00021,dep,1,CAR,124.88102,82.83333333333333,,,,,,,,,,,,,,,,,,,,,,,,,,,,,,,,,,,,,,,,,,,82.83333333333333,124.88102
A00022,dep,1,WALK,1.35192,17.283333333333335,BUS,5.33488,15.0,WALK,1.19665,15.766666666666667,RAIL,16.676299999999998,17.0,WALK,0.14296999999999999,2.1333333333333333,RAIL,93.71414,55.0,WALK,0.26027,3.783333333333333,RAIL,87.86362,50.0,WALK,0.19712000000000002,2.933333333333333,RAIL,80.00296,49.0,WALK,0.45775,6.15,BUS,7.16484,17.0,WALK,2.39898,30.766666666666666,,,,,,,281.81666666666666,296.7624
A00022,dep,2,WALK,1.35192,17.283333333333335,BUS,4.305470000000001,15.0,WALK,0.07976000000000001,1.25,RAIL,16.676299999999998,17.0,WALK,0.17877,2.5833333333333335,RAIL,181.57776,113.0,WALK,0.19712000000000002,2.933333333333333,RAIL,80.00296,49.0,WALK,0.45775,6.15,BUS,7.16484,17.0,WALK,2.39898,30.766666666666666,,,,,,,,,,,,,271.9666666666667,294.39163
A00022,dep,3,WALK,1.35192,17.283333333333335,BUS,5.33488,15.0,WALK,1.19665,15.766666666666667,RAIL,16.676299999999998,17.0,WALK,0.14296999999999999,2.1333333333333333,RAIL,93.71414,55.0,WALK,0.26027,3.783333333333333,RAIL,87.86362,50.0,WALK,0.19712000000000002,2.933333333333333,RAIL,80.00296,49.0,WALK,0.45775,6.15,BUS,7.16484,17.0,WALK,2.39898,30.766666666666666,,,,,,,281.81666666666666,296.7624
A00022,dep,1,CAR,232.05970000000002,145.38333333333333,,,,,,,,,,,,,,,,,,,,,,,,,,,,,,,,,,,,,,,,,,,145.38333333333333,232.05970000000002
A00023,dep,1,WALK,0.59397,7.65,BUS,36.38925,54.0,WALK,0.16061,4.383333333333334,SUBWAY,17.57747,29.75,WALK,0.17991,5.05,RAIL,103.88054,62.0,WALK,0.45792,6.15,BUS,7.16484,17.0,WALK,2.39898,30.766666666666666,,,,,,,,,,,,,,,,,,,216.75,168.80348999999998
A00023,dep,1,CAR,138.76157999999998,96.3,,,,,,,,,,,,,,,,,,,,,,,,,,,,,,,,,,,,,,,,,,,96.3,138.76157999999998
A00024,dep,1,WALK,2.1160900000000002,28.25,RAIL,36.83714,22.0,WALK,0.45792,6.15,BUS,7.16484,17.0,WALK,2.39898,30.766666666666666,,,,,,,,,,,,,,,,,,,,,,,,,,,,,,,104.16666666666667,48.97497
A00024,dep,2,WALK,2.1160900000000002,28.25,RAIL,36.83714,22.0,WALK,0.45792,6.15,BUS,7.16484,17.0,WALK,2.39898,30.766666666666666,,,,,,,,,,,,,,,,,,,,,,,,,,,,,,,104.16666666666667,48.97497
A00024,dep,1,BICYCLE,29.067619999999998,103.76666666666667,,,,,,,,,,,,,,,,,,,,,,,,,,,,,,,,,,,,,,,,,,,103.76666666666667,29.067619999999998
A00024,dep,1,CAR,30.67199,24.866666666666667,,,,,,,,,,,,,,,,,,,,,,,,,,,,,,,,,,,,,,,,,,,24.866666666666667,30.67199
A00025,dep,1,CAR,109.85198,74.43333333333334,,,,,,,,,,,,,,,,,,,,,,,,,,,,,,,,,,,,,,,,,,,74.43333333333334,109.85198
A00026,dep,1,WALK,1.2099300000000002,15.316666666666666,BUS,33.497620000000005,48.15,WALK,0.4511,6.5,RAIL,87.86362,50.0,WALK,0.19712000000000002,2.933333333333333,RAIL,80.00296,49.0,WALK,0.45775,6.15,BUS,7.16484,17.0,WALK,2.39898,30.766666666666666,,,,,,,,,,,,,,,,,,,225.81666666666666,213.24392
A00026,dep,2,WALK,1.2099300000000002,15.316666666666666,BUS,33.497620000000005,48.15,WALK,0.4511,6.5,RAIL,87.86362,50.0,WALK,0.19712000000000002,2.933333333333333,RAIL,80.00296,49.0,WALK,0.45775,6.15,BUS,7.16484,17.0,WALK,2.39898,30.766666666666666,,,,,,,,,,,,,,,,,,,225.81666666666666,213.24392
A00026,dep,1,CAR,176.39775,117.06666666666666,,,,,,,,,,,,,,,,,,,,,,,,,,,,,,,,,,,,,,,,,,,117.06666666666666,176.39775
A00027,dep,1,WALK,10.81328,136.96666666666667,,,,,,,,,,,,,,,,,,,,,,,,,,,,,,,,,,,,,,,,,,,136.96666666666667,10.81328
A00027,dep,2,WALK,0.31161,4.216666666666667,BUS,3.23225,10.0,BUS,7.97208,13.0,WALK,0.10101,1.6166666666666667,BUS,4.3455699999999995,10.0,WALK,2.39898,30.766666666666666,,,,,,,,,,,,,,,,,,,,,,,,,,,,69.6,18.3615
A00027,dep,3,WALK,0.28724,3.9,BUS,5.62588,18.0,BUS,7.16484,17.0,WALK,2.39898,30.766666666666666,,,,,,,,,,,,,,,,,,,,,,,,,,,,,,,,,,69.66666666666666,15.47694
A00027,dep,4,WALK,0.31161,4.216666666666667,BUS,3.23225,9.0,BUS,7.97208,13.0,WALK,0.10101,1.6166666666666667,BUS,4.3455699999999995,10.0,WALK,2.39898,30.766666666666666,,,,,,,,,,,,,,,,,,,,,,,,,,,,68.6,18.3615
A00027,dep,5,WALK,0.28724,3.9,BUS,5.62588,18.0,BUS,7.16484,17.0,WALK,2.39898,30.766666666666666,,,,,,,,,,,,,,,,,,,,,,,,,,,,,,,,,,69.66666666666666,15.47694
A00027,dep,1,BICYCLE,10.87344,40.56666666666667,,,,,,,,,,,,,,,,,,,,,,,,,,,,,,,,,,,,,,,,,,,40.56666666666667,10.87344
A00027,dep,1,CAR,13.127120000000001,13.5,,,,,,,,,,,,,,,,,,,,,,,,,,,,,,,,,,,,,,,,,,,13.5,13.127120000000001
A00028,dep,1,WALK,3.54948,45.0,BUS,11.59759,22.0,WALK,0.37422000000000005,7.333333333333333,RAIL,47.281279999999995,27.0,WALK,0.14239,2.066666666666667,RAIL,87.86362,50.0,WALK,0.19712000000000002,2.933333333333333,RAIL,80.00296,49.0,WALK,0.45775,6.15,BUS,7.16484,17.0,WALK,2.39898,30.766666666666666,,,,,,,,,,,,,259.25,241.03023000000002
A00028,dep,1,CAR,199.64073000000002,131.96666666666667,,,,,,,,,,,,,,,,,,,,,,,,,,,,,,,,,,,,,,,,,,,131.96666666666667,199.64073000000002
A00029,dep,1,WALK,1.67416,22.216666666666665,RAIL,16.992669999999997,14.0,WALK,0.13096000000000002,1.7666666666666666,RAIL,32.07784,19.0,WALK,0.45792,6.15,BUS,9.7371,20.0,WALK,1.77009,22.8,,,,,,,,,,,,,,,,,,,,,,,,,105.93333333333332,62.840740000000004
A00029,dep,2,WALK,1.71105,22.733333333333334,RAIL,1.8480699999999999,4.0,WALK,0.11626,1.5833333333333333,RAIL,18.80786,12.0,WALK,0.22147999999999998,3.0166666666666666,RAIL,32.07784,19.0,WALK,0.45775,6.15,BUS,7.16484,17.0,WALK,2.39898,30.766666666666666,,,,,,,,,,,,,,,,,,,116.25,64.80413
A00029,dep,3,WALK,1.67416,22.216666666666665,RAIL,16.992669999999997,14.0,WALK,0.13096000000000002,1.7666666666666666,RAIL,32.07784,18.0,WALK,0.45792,6.15,BUS,7.16484,17.0,WALK,2.39898,30.766666666666666,,,,,,,,,,,,,,,,,,,,,,,,,109.89999999999999,60.89737
A00029,dep,1,BICYCLE,41.19565,145.0,,,,,,,,,,,,,,,,,,,,,,,,,,,,,,,,,,,,,,,,,,,145.0,41.19565
A00029,dep,1,CAR,43.26874,31.2,,,,,,,,,,,,,,,,,,,,,,,,,,,,,,,,,,,,,,,,,,,31.2,43.26874
A00030,dep,1,WALK,9.66399,122.85,,,,,,,,,,,,,,,,,,,,,,,,,,,,,,,,,,,,,,,,,,,122.85,9.66399
A00030,dep,2,WALK,0.55792,7.45,BUS,2.1816,8.0,BUS,7.97208,13.0,WALK,0.10101,1.6166666666666667,BUS,4.3455699999999995,10.0,WALK,2.39898,30.766666666666666,,,,,,,,,,,,,,,,,,,,,,,,,,,,70.83333333333333,17.557160000000003
A00030,dep,3,WALK,0.5570499999999999,7.433333333333334,BUS,6.6673100000000005,21.0,BUS,7.16484,17.0,WALK,2.39898,30.766666666666666,,,,,,,,,,,,,,,,,,,,,,,,,,,,,,,,,,76.2,16.78818
A00030,dep,4,WALK,0.55792,7.45,BUS,2.1816,8.0,BUS,7.97208,13.0,WALK,0.10101,1.6166666666666667,BUS,4.3455699999999995,10.0,WALK,2.39898,30.766666666666666,,,,,,,,,,,,,,,,,,,,,,,,,,,,70.83333333333333,17.557160000000003
A00030,dep,5,WALK,0.5570499999999999,7.433333333333334,BUS,6.6673100000000005,21.0,BUS,9.7371,20.0,WALK,1.77009,22.8,,,,,,,,,,,,,,,,,,,,,,,,,,,,,,,,,,71.23333333333333,18.731550000000002
A00030,dep,1,BICYCLE,10.01583,35.43333333333333,,,,,,,,,,,,,,,,,,,,,,,,,,,,,,,,,,,,,,,,,,,35.43333333333333,10.01583
A00030,dep,1,CAR,11.12949,12.85,,,,,,,,,,,,,,,,,,,,,,,,,,,,,,,,,,,,,,,,,,,12.85,11.12949
A00031,dep,1,WALK,10.77323,138.08333333333334,,,,,,,,,,,,,,,,,,,,,,,,,,,,,,,,,,,,,,,,,,,138.08333333333334,10.77323
A00031,dep,2,WALK,0.69647,9.416666666666666,BUS,3.20344,12.0,BUS,7.16484,17.0,WALK,2.39898,30.766666666666666,,,,,,,,,,,,,,,,,,,,,,,,,,,,,,,,,,69.18333333333334,13.46373
A00031,dep,3,WALK,2.20918,28.85,BUS,7.16484,17.0,WALK,2.39898,30.766666666666666,,,,,,,,,,,,,,,,,,,,,,,,,,,,,,,,,,,,,76.61666666666667,11.773
A00031,dep,4,WALK,2.20918,28.85,BUS,7.16484,17.0,WALK,2.39898,30.766666666666666,,,,,,,,,,,,,,,,,,,,,,,,,,,,,,,,,,,,,76.61666666666667,11.773
A00031,dep,5,WALK,1.30348,16.616666666666667,BUS,2.3496799999999998,10.0,BUS,7.16484,17.0,WALK,2.39898,30.766666666666666,,,,,,,,,,,,,,,,,,,,,,,,,,,,,,,,,,74.38333333333333,13.21698
A00031,dep,1,BICYCLE,11.41948,41.2,,,,,,,,,,,,,,,,,,,,,,,,,,,,,,,,,,,,,,,,,,,41.2,11.41948
A00031,dep,1,CAR,12.52296,13.483333333333333,,,,,,,,,,,,,,,,,,,,,,,,,,,,,,,,,,,,,,,,,,,13.483333333333333,12.52296
A00032,dep,1,WALK,2.12896,27.6,,,,,,,,,,,,,,,,,,,,,,,,,,,,,,,,,,,,,,,,,,,27.6,2.12896
A00032,dep,1,BICYCLE,2.7583699999999998,11.233333333333333,,,,,,,,,,,,,,,,,,,,,,,,,,,,,,,,,,,,,,,,,,,11.233333333333333,2.7583699999999998
A00032,dep,1,CAR,2.6831,4.3,,,,,,,,,,,,,,,,,,,,,,,,,,,,,,,,,,,,,,,,,,,4.3,2.6831
A00033,dep,1,WALK,0.53619,8.066666666666666,RAIL,17.90115,13.0,WALK,0.31374,4.516666666666667,BUS,4.659020000000001,10.0,WALK,1.7692999999999999,22.8,,,,,,,,,,,,,,,,,,,,,,,,,,,,,,,58.383333333333326,25.179400000000005
A00033,dep,2,WALK,0.53619,8.066666666666666,RAIL,28.14728,22.0,WALK,0.45775,6.15,BUS,9.7371,20.0,WALK,1.77009,22.8,,,,,,,,,,,,,,,,,,,,,,,,,,,,,,,79.01666666666667,40.648410000000005
A00033,dep,1,BICYCLE,24.82804,86.63333333333334,,,,,,,,,,,,,,,,,,,,,,,,,,,,,,,,,,,,,,,,,,,86.63333333333334,24.82804
A00033,dep,1,WALK,0.53619,8.066666666666666,RAIL,17.90115,13.0,WALK,0.31374,4.516666666666667,BUS,4.659020000000001,10.0,WALK,1.7692999999999999,22.8,,,,,,,,,,,,,,,,,,,,,,,,,,,,,,,58.383333333333326,25.179400000000005
A00033,dep,2,WALK,0.53619,8.066666666666666,RAIL,28.14728,22.0,WALK,0.45775,6.15,BUS,9.7371,20.0,WALK,1.77009,22.8,,,,,,,,,,,,,,,,,,,,,,,,,,,,,,,79.01666666666667,40.648410000000005
A00034,dep,1,WALK,2.89378,37.31666666666667,RAIL,16.676299999999998,17.0,WALK,0.17877,2.5833333333333335,RAIL,181.57776,113.0,WALK,0.19712000000000002,2.933333333333333,RAIL,80.00296,49.0,WALK,0.45775,6.15,BUS,7.16484,17.0,WALK,2.39898,30.766666666666666,,,,,,,,,,,,,,,,,,,275.75,291.54826
A00034,dep,2,WALK,2.89378,37.31666666666667,RAIL,16.676299999999998,17.0,WALK,0.14296999999999999,2.1333333333333333,RAIL,93.71414,55.0,WALK,0.26027,3.783333333333333,RAIL,87.86362,50.0,WALK,0.19712000000000002,2.933333333333333,RAIL,80.00296,49.0,WALK,0.45775,6.15,BUS,7.16484,17.0,WALK,2.39898,30.766666666666666,,,,,,,,,,,,,271.08333333333337,291.77273
A00034,dep,3,WALK,2.89378,37.31666666666667,RAIL,16.676299999999998,17.0,WALK,0.17877,2.5833333333333335,RAIL,181.57776,113.0,WALK,0.19712000000000002,2.933333333333333,RAIL,80.00296,49.0,WALK,0.45775,6.15,BUS,7.16484,17.0,WALK,2.39898,30.766666666666666,,,,,,,,,,,,,,,,,,,275.75,291.54826
A00034,dep,1,CAR,233.55237,150.13333333333333,,,,,,,,,,,,,,,,,,,,,,,,,,,,,,,,,,,,,,,,,,,150.13333333333333,233.55237
A00035,dep,1,WALK,1.61471,21.633333333333333,RAIL,13.08833,9.0,WALK,0.41041000000000005,6.016666666666667,BUS,7.16484,17.0,WALK,2.39898,30.766666666666666,,,,,,,,,,,,,,,,,,,,,,,,,,,,,,,84.41666666666666,24.67727
A00035,dep,2,WALK,1.49585,19.366666666666667,RAIL,10.77455,9.0,WALK,0.41041000000000005,6.016666666666667,BUS,9.7371,20.0,WALK,1.77009,22.8,,,,,,,,,,,,,,,,,,,,,,,,,,,,,,,77.18333333333334,24.188
A00035,dep,3,WALK,1.61471,21.633333333333333,RAIL,13.08833,10.0,WALK,0.41041000000000005,6.016666666666667,BUS,7.16484,17.0,WALK,2.39898,30.766666666666666,,,,,,,,,,,,,,,,,,,,,,,,,,,,,,,85.41666666666666,24.67727
A00035,dep,4,WALK,0.60403,7.95,BUS,1.19605,4.0,WALK,0.12079999999999999,2.033333333333333,RAIL,13.08833,10.0,WALK,0.41041000000000005,6.016666666666667,BUS,7.16484,17.0,WALK,2.39898,30.766666666666666,,,,,,,,,,,,,,,,,,,,,,,,,77.76666666666667,24.98344
A00035,dep,5,WALK,1.49585,19.366666666666667,RAIL,10.77455,9.0,WALK,0.41041000000000005,6.016666666666667,BUS,7.16484,17.0,WALK,2.39898,30.766666666666666,,,,,,,,,,,,,,,,,,,,,,,,,,,,,,,82.15,22.24463
A00035,dep,1,BICYCLE,18.07068,63.18333333333333,,,,,,,,,,,,,,,,,,,,,,,,,,,,,,,,,,,,,,,,,,,63.18333333333333,18.07068
A00035,dep,1,CAR,21.41487,19.683333333333334,,,,,,,,,,,,,,,,,,,,,,,,,,,,,,,,,,,,,,,,,,,19.683333333333334,21.41487
A00036,dep,1,WALK,2.98664,38.31666666666667,RAIL,16.676299999999998,17.0,WALK,0.17877,2.5833333333333335,RAIL,181.57776,113.0,WALK,0.19712000000000002,2.933333333333333,RAIL,80.00296,49.0,WALK,0.45775,6.15,BUS,7.16484,17.0,WALK,2.39898,30.766666666666666,,,,,,,,,,,,,,,,,,,276.75,291.64112
A00036,dep,2,WALK,2.98664,38.31666666666667,RAIL,16.676299999999998,17.0,WALK,0.14296999999999999,2.1333333333333333,RAIL,93.71414,55.0,WALK,0.26027,3.783333333333333,RAIL,87.86362,50.0,WALK,0.19712000000000002,2.933333333333333,RAIL,80.00296,49.0,WALK,0.45775,6.15,BUS,7.16484,17.0,WALK,2.39898,30.766666666666666,,,,,,,,,,,,,272.08333333333337,291.86559
A00036,dep,3,WALK,2.98664,38.31666666666667,RAIL,16.676299999999998,17.0,WALK,0.17877,2.5833333333333335,RAIL,181.57776,113.0,WALK,0.19712000000000002,2.933333333333333,RAIL,80.00296,49.0,WALK,0.45775,6.15,BUS,7.16484,17.0,WALK,2.39898,30.766666666666666,,,,,,,,,,,,,,,,,,,276.75,291.64112
A00036,dep,1,CAR,239.04139999999998,150.05,,,,,,,,,,,,,,,,,,,,,,,,,,,,,,,,,,,,,,,,,,,150.05,239.04139999999998
A00037,dep,1,WALK,0.74749,9.733333333333333,BUS,4.40481,12.0,WALK,0.27605,4.3,RAIL,32.07784,18.0,WALK,0.45792,6.15,BUS,7.16484,17.0,WALK,2.39898,30.766666666666666,,,,,,,,,,,,,,,,,,,,,,,,,97.95,47.527930000000005
A00037,dep,2,WALK,3.07279,40.2,RAIL,32.07784,18.0,WALK,0.45792,6.15,BUS,7.16484,17.0,WALK,2.39898,30.766666666666666,,,,,,,,,,,,,,,,,,,,,,,,,,,,,,,112.11666666666667,45.17237
A00037,dep,3,WALK,0.11469,1.5666666666666667,BUS,5.5827,15.0,WALK,0.27605,4.3,RAIL,32.07784,19.0,WALK,0.45775,6.15,BUS,7.16484,17.0,WALK,2.39898,30.766666666666666,,,,,,,,,,,,,,,,,,,,,,,,,93.78333333333333,48.07285
A00037,dep,4,WALK,3.12199,40.85,RAIL,21.831709999999998,17.0,WALK,0.31374,4.516666666666667,BUS,4.659020000000001,10.0,WALK,1.7692999999999999,22.8,,,,,,,,,,,,,,,,,,,,,,,,,,,,,,,95.16666666666667,31.69576
A00037,dep,5,WALK,3.07279,40.2,RAIL,32.07784,19.0,WALK,0.45775,6.15,BUS,7.16484,17.0,WALK,2.39898,30.766666666666666,,,,,,,,,,,,,,,,,,,,,,,,,,,,,,,113.11666666666667,45.1722
A00037,dep,1,BICYCLE,29.52447,103.71666666666667,,,,,,,,,,,,,,,,,,,,,,,,,,,,,,,,,,,,,,,,,,,103.71666666666667,29.52447
A00037,dep,1,CAR,27.539930000000002,21.6,,,,,,,,,,,,,,,,,,,,,,,,,,,,,,,,,,,,,,,,,,,21.6,27.539930000000002
A00038,dep,1,WALK,3.04535,38.733333333333334,BUS,10.129959999999999,26.0,BUS,9.7371,20.0,WALK,1.77009,22.8,,,,,,,,,,,,,,,,,,,,,,,,,,,,,,,,,,107.53333333333333,24.6825
A00038,dep,2,WALK,3.3417399999999997,42.516666666666666,BUS,10.46592,30.0,BUS,7.16484,17.0,WALK,2.39898,30.766666666666666,,,,,,,,,,,,,,,,,,,,,,,,,,,,,,,,,,120.28333333333333,23.37148
A00038,dep,3,WALK,2.71556,34.516666666666666,BUS,13.95141,31.0,BUS,7.16484,17.0,WALK,2.39898,30.766666666666666,,,,,,,,,,,,,,,,,,,,,,,,,,,,,,,,,,113.28333333333333,26.23079
A00038,dep,1,BICYCLE,22.609389999999998,79.9,,,,,,,,,,,,,,,,,,,,,,,,,,,,,,,,,,,,,,,,,,,79.9,22.609389999999998
A00038,dep,1,CAR,24.71065,27.166666666666668,,,,,,,,,,,,,,,,,,,,,,,,,,,,,,,,,,,,,,,,,,,27.166666666666668,24.71065
A00039,dep,1,WALK,2.3960700000000004,31.0,RAIL,32.40694,35.0,WALK,0.35842,5.4,RAIL,80.00296,49.0,WALK,0.45775,6.15,BUS,7.16484,17.0,WALK,2.39898,30.766666666666666,,,,,,,,,,,,,,,,,,,,,,,,,174.31666666666666,125.18596
A00039,dep,1,CAR,112.32699000000001,76.33333333333333,,,,,,,,,,,,,,,,,,,,,,,,,,,,,,,,,,,,,,,,,,,76.33333333333333,112.32699000000001
A00040,dep,1,WALK,1.9192799999999999,24.5,BUS,4.3667,8.0,WALK,0.0265,0.45,BUS,26.27227,25.0,WALK,0.13393,2.05,RAIL,152.53244,96.0,WALK,0.19712000000000002,2.933333333333333,RAIL,80.00296,49.0,WALK,0.45775,6.15,BUS,7.16484,17.0,WALK,2.39898,30.766666666666666,,,,,,,,,,,,,261.85,275.47277
A00040,dep,2,WALK,2.16514,27.766666666666666,BUS,41.363730000000004,64.0,WALK,0.13393,2.05,RAIL,152.53244,96.0,WALK,0.19712000000000002,2.933333333333333,RAIL,80.00296,49.0,WALK,0.45775,6.15,BUS,7.16484,17.0,WALK,2.39898,30.766666666666666,,,,,,,,,,,,,,,,,,,295.66666666666663,286.41689
A00040,dep,1,CAR,191.93447,118.91666666666667,,,,,,,,,,,,,,,,,,,,,,,,,,,,,,,,,,,,,,,,,,,118.91666666666667,191.93447
A00041,dep,1,WALK,0.84065,11.2,BUS,12.207870000000002,28.0,BUS,7.16484,17.0,WALK,2.39898,30.766666666666666,,,,,,,,,,,,,,,,,,,,,,,,,,,,,,,,,,86.96666666666667,22.612340000000003
A00041,dep,2,WALK,0.70931,9.2,BUS,11.27534,27.0,BUS,9.7371,20.0,WALK,1.77009,22.8,,,,,,,,,,,,,,,,,,,,,,,,,,,,,,,,,,79.0,23.49184
A00041,dep,1,BICYCLE,19.18408,67.51666666666667,,,,,,,,,,,,,,,,,,,,,,,,,,,,,,,,,,,,,,,,,,,67.51666666666667,19.18408
A00041,dep,1,CAR,21.25731,22.05,,,,,,,,,,,,,,,,,,,,,,,,,,,,,,,,,,,,,,,,,,,22.05,21.25731
A00042,dep,1,WALK,13.03069,167.2,,,,,,,,,,,,,,,,,,,,,,,,,,,,,,,,,,,,,,,,,,,167.2,13.03069
A00042,dep,2,WALK,1.6529800000000001,21.366666666666667,BUS,6.05694,18.0,BUS,7.16484,17.0,WALK,2.39898,30.766666666666666,,,,,,,,,,,,,,,,,,,,,,,,,,,,,,,,,,87.13333333333333,17.27374
A00042,dep,3,WALK,2.04232,26.05,BUS,6.1562399999999995,21.0,BUS,7.16484,17.0,WALK,2.39898,30.766666666666666,,,,,,,,,,,,,,,,,,,,,,,,,,,,,,,,,,94.81666666666666,17.76238
A00042,dep,4,WALK,1.6529800000000001,21.366666666666667,BUS,6.05694,19.0,BUS,9.7371,20.0,WALK,1.77009,22.8,,,,,,,,,,,,,,,,,,,,,,,,,,,,,,,,,,83.16666666666667,19.21711
A00042,dep,1,BICYCLE,14.75951,52.583333333333336,,,,,,,,,,,,,,,,,,,,,,,,,,,,,,,,,,,,,,,,,,,52.583333333333336,14.75951
A00042,dep,1,CAR,14.66369,17.433333333333334,,,,,,,,,,,,,,,,,,,,,,,,,,,,,,,,,,,,,,,,,,,17.433333333333334,14.66369
A00043,dep,1,WALK,0.82301,10.5,BUS,4.4868999999999994,12.0,WALK,0.14484,2.0833333333333335,RAIL,79.23689,50.0,WALK,0.19712000000000002,2.933333333333333,RAIL,80.00296,48.0,WALK,0.45792,6.15,BUS,9.7371,20.0,WALK,1.77009,22.8,,,,,,,,,,,,,,,,,,,174.46666666666667,176.85683000000003
A00043,dep,2,WALK,0.83485,10.966666666666667,BUS,11.224950000000002,20.0,WALK,0.76173,9.833333333333334,RAIL,91.19842999999999,68.0,WALK,0.22147999999999998,3.0166666666666666,RAIL,32.07784,19.0,WALK,0.45775,6.15,BUS,7.16484,17.0,WALK,2.39898,30.766666666666666,,,,,,,,,,,,,,,,,,,184.73333333333335,146.34085
A00043,dep,3,WALK,0.82301,10.5,BUS,4.4868999999999994,12.0,WALK,0.14484,2.0833333333333335,RAIL,79.23689,50.0,WALK,0.19712000000000002,2.933333333333333,RAIL,80.00296,48.0,WALK,0.45792,6.15,BUS,9.7371,20.0,WALK,1.77009,22.8,,,,,,,,,,,,,,,,,,,174.46666666666667,176.85683000000003
A00043,dep,1,CAR,120.33996,77.03333333333333,,,,,,,,,,,,,,,,,,,,,,,,,,,,,,,,,,,,,,,,,,,77.03333333333333,120.33996
A00044,dep,1,BICYCLE,24.03554,84.43333333333334,,,,,,,,,,,,,,,,,,,,,,,,,,,,,,,,,,,,,,,,,,,84.43333333333334,24.03554
A00044,dep,1,CAR,31.701880000000003,24.283333333333335,,,,,,,,,,,,,,,,,,,,,,,,,,,,,,,,,,,,,,,,,,,24.283333333333335,31.701880000000003
A00045,dep,1,WALK,1.33488,17.033333333333335,,,,,,,,,,,,,,,,,,,,,,,,,,,,,,,,,,,,,,,,,,,17.033333333333335,1.33488
A00045,dep,1,BICYCLE,1.33488,5.333333333333333,,,,,,,,,,,,,,,,,,,,,,,,,,,,,,,,,,,,,,,,,,,5.333333333333333,1.33488
A00045,dep,1,CAR,8.41611,9.066666666666666,,,,,,,,,,,,,,,,,,,,,,,,,,,,,,,,,,,,,,,,,,,9.066666666666666,8.41611
A00046,dep,1,BICYCLE,25.318939999999998,88.8,,,,,,,,,,,,,,,,,,,,,,,,,,,,,,,,,,,,,,,,,,,88.8,25.318939999999998
A00046,dep,1,CAR,33.91406,26.883333333333333,,,,,,,,,,,,,,,,,,,,,,,,,,,,,,,,,,,,,,,,,,,26.883333333333333,33.91406
A00047,dep,1,WALK,2.82053,35.71666666666667,BUS,11.21196,19.0,WALK,0.14654,2.183333333333333,RAIL,19.54241,16.0,WALK,0.29583,4.133333333333334,BUS,7.16484,17.0,WALK,2.39898,30.766666666666666,,,,,,,,,,,,,,,,,,,,,,,,,124.80000000000001,43.58109
A00047,dep,1,BICYCLE,41.54125,146.46666666666667,,,,,,,,,,,,,,,,,,,,,,,,,,,,,,,,,,,,,,,,,,,146.46666666666667,41.54125
A00047,dep,1,CAR,47.83907,37.6,,,,,,,,,,,,,,,,,,,,,,,,,,,,,,,,,,,,,,,,,,,37.6,47.83907
A00048,dep,1,WALK,2.36315,30.0,RAIL,12.12693,9.0,WALK,0.13641,1.8333333333333333,RAIL,37.67721,36.0,WALK,0.21271,3.25,RAIL,80.00296,48.0,WALK,0.45792,6.15,BUS,9.7371,20.0,WALK,1.77009,22.8,,,,,,,,,,,,,,,,,,,177.03333333333336,144.48448000000002
A00048,dep,1,CAR,77.10169,50.1,,,,,,,,,,,,,,,,,,,,,,,,,,,,,,,,,,,,,,,,,,,50.1,77.10169
A00049,dep,1,WALK,0.7259500000000001,9.3,BUS,8.16044,10.0,WALK,0.2726,4.716666666666667,RAIL,15.7536,10.0,WALK,0.18321,2.75,RAIL,80.00296,48.0,WALK,0.45792,6.15,BUS,9.7371,20.0,WALK,1.77009,22.8,,,,,,,,,,,,,,,,,,,133.71666666666667,117.06387
A00049,dep,2,WALK,0.7259500000000001,9.3,BUS,8.16044,10.0,WALK,0.2726,4.716666666666667,RAIL,15.7536,10.0,WALK,0.18321,2.75,RAIL,80.00296,47.0,WALK,0.45792,6.15,BUS,7.16484,17.0,WALK,2.39898,30.766666666666666,,,,,,,,,,,,,,,,,,,137.68333333333334,115.12049999999999
A00049,dep,1,CAR,91.49694000000001,60.25,,,,,,,,,,,,,,,,,,,,,,,,,,,,,,,,,,,,,,,,,,,60.25,91.49694000000001
A00050,dep,1,WALK,1.83277,24.15,RAIL,5.50688,6.0,WALK,0.29583,4.133333333333334,BUS,7.16484,17.0,WALK,2.39898,30.766666666666666,,,,,,,,,,,,,,,,,,,,,,,,,,,,,,,82.05,17.1993
A00050,dep,2,WALK,0.7415700000000001,10.016666666666667,BUS,8.26985,23.0,BUS,9.7371,20.0,WALK,1.77009,22.8,,,,,,,,,,,,,,,,,,,,,,,,,,,,,,,,,,75.81666666666666,20.51861
A00050,dep,3,WALK,0.19927,2.6666666666666665,BUS,7.94838,21.0,BUS,7.16484,17.0,WALK,2.39898,30.766666666666666,,,,,,,,,,,,,,,,,,,,,,,,,,,,,,,,,,71.43333333333334,17.71147
A00050,dep,1,BICYCLE,16.03574,57.7,,,,,,,,,,,,,,,,,,,,,,,,,,,,,,,,,,,,,,,,,,,57.7,16.03574
A00050,dep,1,CAR,19.54738,19.183333333333334,,,,,,,,,,,,,,,,,,,,,,,,,,,,,,,,,,,,,,,,,,,19.183333333333334,19.54738
A00051,dep,1,WALK,2.6532,33.63333333333333,BUS,11.11743,21.0,WALK,0.16418000000000002,2.9833333333333334,RAIL,32.298880000000004,18.0,WALK,0.17565999999999998,2.6666666666666665,RAIL,80.00296,48.0,WALK,0.45792,6.15,BUS,9.7371,20.0,WALK,1.77009,22.8,,,,,,,,,,,,,,,,,,,175.23333333333335,138.37742000000003
A00051,dep,2,WALK,2.6532,33.63333333333333,BUS,10.30539,14.0,BUS,0.81204,3.0,WALK,0.16418000000000002,2.9833333333333334,RAIL,32.298880000000004,18.0,WALK,0.17565999999999998,2.6666666666666665,RAIL,80.00296,49.0,WALK,0.45775,6.15,BUS,7.16484,17.0,WALK,2.39898,30.766666666666666,,,,,,,,,,,,,,,,177.2,136.43388000000002
A00051,dep,3,WALK,2.6532,33.63333333333333,BUS,11.11743,21.0,WALK,0.16418000000000002,2.9833333333333334,RAIL,32.298880000000004,18.0,WALK,0.17342,2.6333333333333333,RAIL,80.00296,49.0,WALK,0.45775,6.15,BUS,7.16484,17.0,WALK,2.39898,30.766666666666666,,,,,,,,,,,,,,,,,,,181.16666666666669,136.43164000000002
A00051,dep,4,WALK,2.6532,33.63333333333333,BUS,11.11743,21.0,WALK,0.16418000000000002,2.9833333333333334,RAIL,32.298880000000004,18.0,WALK,0.17342,2.6333333333333333,RAIL,80.00296,47.0,WALK,0.45792,6.15,BUS,7.16484,17.0,WALK,2.39898,30.766666666666666,,,,,,,,,,,,,,,,,,,179.16666666666669,136.43181
A00051,dep,1,CAR,100.43669,77.05,,,,,,,,,,,,,,,,,,,,,,,,,,,,,,,,,,,,,,,,,,,77.05,100.43669
A00052,dep,1,WALK,2.19087,28.116666666666667,RAIL,31.04389,27.0,WALK,0.15109999999999998,2.35,RAIL,80.00296,49.0,WALK,0.45775,6.15,BUS,7.16484,17.0,WALK,2.39898,30.766666666666666,,,,,,,,,,,,,,,,,,,,,,,,,160.38333333333333,123.41039
A00052,dep,2,WALK,2.19087,28.116666666666667,RAIL,31.04389,27.0,WALK,0.15109999999999998,2.35,RAIL,80.00296,49.0,WALK,0.45775,6.15,BUS,7.16484,17.0,WALK,2.39898,30.766666666666666,,,,,,,,,,,,,,,,,,,,,,,,,160.38333333333333,123.41039
A00052,dep,1,CAR,90.50619999999999,65.01666666666667,,,,,,,,,,,,,,,,,,,,,,,,,,,,,,,,,,,,,,,,,,,65.01666666666667,90.50619999999999
A00053,dep,1,WALK,13.37141,171.56666666666666,,,,,,,,,,,,,,,,,,,,,,,,,,,,,,,,,,,,,,,,,,,171.56666666666666,13.37141
A00053,dep,2,WALK,1.28758,16.466666666666665,BUS,4.82609,17.0,BUS,7.16484,17.0,WALK,2.39898,30.766666666666666,,,,,,,,,,,,,,,,,,,,,,,,,,,,,,,,,,81.23333333333333,15.67749
A00053,dep,3,WALK,1.28758,16.466666666666665,BUS,4.82609,17.0,BUS,7.16484,17.0,WALK,2.39898,30.766666666666666,,,,,,,,,,,,,,,,,,,,,,,,,,,,,,,,,,81.23333333333333,15.67749
A00053,dep,4,WALK,1.28758,16.466666666666665,BUS,4.82609,17.0,BUS,7.16484,17.0,WALK,2.39898,30.766666666666666,,,,,,,,,,,,,,,,,,,,,,,,,,,,,,,,,,81.23333333333333,15.67749
A00053,dep,1,BICYCLE,14.18783,51.516666666666666,,,,,,,,,,,,,,,,,,,,,,,,,,,,,,,,,,,,,,,,,,,51.516666666666666,14.18783
A00053,dep,1,CAR,20.45096,15.233333333333333,,,,,,,,,,,,,,,,,,,,,,,,,,,,,,,,,,,,,,,,,,,15.233333333333333,20.45096
A00054,dep,1,WALK,6.7576,85.36666666666666,,,,,,,,,,,,,,,,,,,,,,,,,,,,,,,,,,,,,,,,,,,85.36666666666666,6.7576
A00054,dep,2,WALK,1.82393,23.583333333333332,BUS,4.74256,11.0,WALK,3.4686399999999997,44.4,,,,,,,,,,,,,,,,,,,,,,,,,,,,,,,,,,,,,78.98333333333332,10.035129999999999
A00054,dep,1,BICYCLE,6.83227,24.383333333333333,,,,,,,,,,,,,,,,,,,,,,,,,,,,,,,,,,,,,,,,,,,24.383333333333333,6.83227
A00054,dep,1,CAR,11.28875,15.533333333333333,,,,,,,,,,,,,,,,,,,,,,,,,,,,,,,,,,,,,,,,,,,15.533333333333333,11.28875
A00055,dep,1,WALK,1.7154500000000001,21.716666666666665,BUS,11.586780000000001,19.0,WALK,0.34098,4.983333333333333,BUS,5.504359999999999,11.0,WALK,0.26981,4.35,RAIL,43.2187,28.0,WALK,0.22147999999999998,3.0166666666666666,RAIL,32.07784,19.0,WALK,0.45775,6.15,BUS,7.16484,17.0,WALK,2.39898,30.766666666666666,,,,,,,,,,,,,164.98333333333335,104.95697
A00055,dep,1,CAR,80.55801,63.88333333333333,,,,,,,,,,,,,,,,,,,,,,,,,,,,,,,,,,,,,,,,,,,63.88333333333333,80.55801
A00056,dep,1,WALK,14.212909999999999,182.16666666666666,,,,,,,,,,,,,,,,,,,,,,,,,,,,,,,,,,,,,,,,,,,182.16666666666666,14.212909999999999
A00056,dep,2,WALK,0.8260700000000001,10.683333333333334,BUS,6.720899999999999,19.0,BUS,7.16484,17.0,WALK,2.39898,30.766666666666666,,,,,,,,,,,,,,,,,,,,,,,,,,,,,,,,,,77.45,17.11079
A00056,dep,3,WALK,1.15504,14.9,BUS,6.05694,19.0,BUS,9.7371,20.0,WALK,1.77009,22.8,,,,,,,,,,,,,,,,,,,,,,,,,,,,,,,,,,76.7,18.719170000000002
A00056,dep,4,WALK,0.8260700000000001,10.683333333333334,BUS,6.720899999999999,19.0,BUS,7.16484,17.0,WALK,2.39898,30.766666666666666,,,,,,,,,,,,,,,,,,,,,,,,,,,,,,,,,,77.45,17.11079
A00056,dep,5,WALK,1.15504,14.9,BUS,6.05694,18.0,BUS,7.16484,17.0,WALK,2.39898,30.766666666666666,,,,,,,,,,,,,,,,,,,,,,,,,,,,,,,,,,80.66666666666666,16.7758
A00056,dep,1,BICYCLE,15.21386,54.166666666666664,,,,,,,,,,,,,,,,,,,,,,,,,,,,,,,,,,,,,,,,,,,54.166666666666664,15.21386
A00056,dep,1,CAR,16.05877,17.1,,,,,,,,,,,,,,,,,,,,,,,,,,,,,,,,,,,,,,,,,,,17.1,16.05877
A00057,dep,1,WALK,12.59888,160.13333333333333,,,,,,,,,,,,,,,,,,,,,,,,,,,,,,,,,,,,,,,,,,,160.13333333333333,12.59888
A00057,dep,2,WALK,1.1627,14.85,BUS,1.7305899999999999,5.0,BUS,5.85656,13.0,WALK,0.08479,1.3,BUS,4.3455699999999995,10.0,WALK,2.39898,30.766666666666666,,,,,,,,,,,,,,,,,,,,,,,,,,,,74.91666666666666,15.579189999999999
A00057,dep,3,WALK,1.1627,14.85,BUS,9.6662,23.0,BUS,7.16484,17.0,WALK,2.39898,30.766666666666666,,,,,,,,,,,,,,,,,,,,,,,,,,,,,,,,,,85.61666666666667,20.392720000000004
A00057,dep,4,WALK,1.9103299999999999,24.2,BUS,7.47654,16.0,WALK,0.08479,1.3,BUS,4.3455699999999995,10.0,WALK,2.39898,30.766666666666666,,,,,,,,,,,,,,,,,,,,,,,,,,,,,,,82.26666666666667,16.216209999999997
A00057,dep,1,BICYCLE,12.80194,45.4,,,,,,,,,,,,,,,,,,,,,,,,,,,,,,,,,,,,,,,,,,,45.4,12.80194
A00057,dep,1,CAR,20.23952,24.2,,,,,,,,,,,,,,,,,,,,,,,,,,,,,,,,,,,,,,,,,,,24.2,20.23952
A00058,dep,1,WALK,2.68644,35.2,RAIL,15.926969999999999,16.0,WALK,0.41041000000000005,6.016666666666667,BUS,9.7371,20.0,WALK,1.77009,22.8,,,,,,,,,,,,,,,,,,,,,,,,,,,,,,,100.01666666666667,30.53101
A00058,dep,2,WALK,0.77724,9.9,BUS,6.38263,13.0,WALK,0.11993999999999999,2.0166666666666666,RAIL,13.08833,10.0,WALK,0.41041000000000005,6.016666666666667,BUS,7.16484,17.0,WALK,2.39898,30.766666666666666,,,,,,,,,,,,,,,,,,,,,,,,,88.69999999999999,30.342369999999995
A00058,dep,3,WALK,0.81335,10.35,BUS,37.9961,70.0,BUS,9.7371,20.0,WALK,1.77009,22.8,,,,,,,,,,,,,,,,,,,,,,,,,,,,,,,,,,123.14999999999999,50.31664
A00058,dep,4,WALK,2.68644,35.2,RAIL,15.926969999999999,16.0,WALK,0.41041000000000005,6.016666666666667,BUS,7.16484,17.0,WALK,2.39898,30.766666666666666,,,,,,,,,,,,,,,,,,,,,,,,,,,,,,,104.98333333333333,28.58764
A00058,dep,1,BICYCLE,27.44602,96.33333333333333,,,,,,,,,,,,,,,,,,,,,,,,,,,,,,,,,,,,,,,,,,,96.33333333333333,27.44602
A00058,dep,1,CAR,28.039900000000003,26.383333333333333,,,,,,,,,,,,,,,,,,,,,,,,,,,,,,,,,,,,,,,,,,,26.383333333333333,28.039900000000003
A00059,dep,1,WALK,0.27409,3.7,BUS,8.98848,18.833333333333332,WALK,0.15916,2.566666666666667,RAIL,46.880919999999996,35.0,WALK,0.18321,2.75,RAIL,80.00296,48.0,WALK,0.45792,6.15,BUS,9.7371,20.0,WALK,1.77009,22.8,,,,,,,,,,,,,,,,,,,159.8,148.45393
A00059,dep,2,WALK,0.25777999999999995,3.4,BUS,7.90899,20.35,WALK,0.36855,5.616666666666666,RAIL,128.24742,87.0,WALK,0.45792,6.15,BUS,7.16484,17.0,WALK,2.39898,30.766666666666666,,,,,,,,,,,,,,,,,,,,,,,,,170.28333333333336,146.80448
A00059,dep,3,WALK,0.27409,3.7,BUS,8.98848,18.833333333333332,WALK,0.15916,2.566666666666667,RAIL,46.880919999999996,35.0,WALK,0.18321,2.75,RAIL,80.00296,47.0,WALK,0.45792,6.15,BUS,7.16484,17.0,WALK,2.39898,30.766666666666666,,,,,,,,,,,,,,,,,,,163.76666666666665,146.51056
A00059,dep,4,WALK,0.25777999999999995,3.4,BUS,7.90899,20.35,WALK,0.36855,5.616666666666666,RAIL,128.24742,87.0,WALK,0.45792,6.15,BUS,7.16484,17.0,WALK,2.39898,30.766666666666666,,,,,,,,,,,,,,,,,,,,,,,,,170.28333333333336,146.80448
A00059,dep,5,WALK,0.27409,3.7,BUS,8.98848,18.833333333333332,WALK,0.15916,2.566666666666667,RAIL,46.880919999999996,35.0,WALK,0.18321,2.75,RAIL,80.00296,48.0,WALK,0.45792,6.15,BUS,9.7371,20.0,WALK,1.77009,22.8,,,,,,,,,,,,,,,,,,,159.8,148.45393
A00059,dep,1,CAR,131.72260999999997,85.63333333333334,,,,,,,,,,,,,,,,,,,,,,,,,,,,,,,,,,,,,,,,,,,85.63333333333334,131.72260999999997
A00060,dep,1,WALK,4.72949,60.11666666666667,,,,,,,,,,,,,,,,,,,,,,,,,,,,,,,,,,,,,,,,,,,60.11666666666667,4.72949
A00060,dep,1,BICYCLE,4.760140000000001,17.45,,,,,,,,,,,,,,,,,,,,,,,,,,,,,,,,,,,,,,,,,,,17.45,4.760140000000001
A00060,dep,1,CAR,6.83003,7.05,,,,,,,,,,,,,,,,,,,,,,,,,,,,,,,,,,,,,,,,,,,7.05,6.83003
A00061,dep,1,WALK,0.6549299999999999,8.783333333333333,RAIL,102.70711999999999,64.0,WALK,0.14239,2.066666666666667,RAIL,87.86362,50.0,WALK,0.19712000000000002,2.933333333333333,RAIL,80.00296,49.0,WALK,0.45775,6.15,BUS,7.16484,17.0,WALK,2.39898,30.766666666666666,,,,,,,,,,,,,,,,,,,230.7,281.58970999999997
A00061,dep,2,WALK,0.6549299999999999,8.783333333333333,RAIL,25.97226,17.0,RAIL,164.59847,94.0,WALK,0.19712000000000002,2.933333333333333,RAIL,80.00296,49.0,WALK,0.45775,6.15,BUS,7.16484,17.0,WALK,2.39898,30.766666666666666,,,,,,,,,,,,,,,,,,,,,,225.63333333333333,281.44731
A00061,dep,3,WALK,1.97536,26.533333333333335,RAIL,192.16881,111.0,WALK,0.19712000000000002,2.933333333333333,RAIL,80.00296,49.0,WALK,0.45775,6.15,BUS,7.16484,17.0,WALK,2.39898,30.766666666666666,,,,,,,,,,,,,,,,,,,,,,,,,243.38333333333333,284.36582
A00061,dep,4,WALK,0.6549299999999999,8.783333333333333,RAIL,102.70711999999999,61.0,WALK,0.14239,2.066666666666667,RAIL,87.86362,50.0,WALK,0.19712000000000002,2.933333333333333,RAIL,80.00296,49.0,WALK,0.45775,6.15,BUS,7.16484,17.0,WALK,2.39898,30.766666666666666,,,,,,,,,,,,,,,,,,,227.7,281.58970999999997
A00061,dep,1,CAR,247.83398,155.26666666666668,,,,,,,,,,,,,,,,,,,,,,,,,,,,,,,,,,,,,,,,,,,155.26666666666668,247.83398
A00061,dep,2,WALK,0.6549299999999999,8.783333333333333,RAIL,102.70711999999999,64.0,WALK,0.14239,2.066666666666667,RAIL,87.86362,50.0,WALK,0.19712000000000002,2.933333333333333,RAIL,80.00296,49.0,WALK,0.45775,6.15,BUS,7.16484,17.0,WALK,2.39898,30.766666666666666,,,,,,,,,,,,,,,,,,,230.7,281.58970999999997
A00061,dep,3,WALK,0.6549299999999999,8.783333333333333,RAIL,25.97226,17.0,RAIL,164.59847,94.0,WALK,0.19712000000000002,2.933333333333333,RAIL,80.00296,49.0,WALK,0.45775,6.15,BUS,7.16484,17.0,WALK,2.39898,30.766666666666666,,,,,,,,,,,,,,,,,,,,,,225.63333333333333,281.44731
A00061,dep,4,WALK,1.97536,26.533333333333335,RAIL,192.16881,111.0,WALK,0.19712000000000002,2.933333333333333,RAIL,80.00296,49.0,WALK,0.45775,6.15,BUS,7.16484,17.0,WALK,2.39898,30.766666666666666,,,,,,,,,,,,,,,,,,,,,,,,,243.38333333333333,284.36582
A00061,dep,5,WALK,0.6549299999999999,8.783333333333333,RAIL,102.70711999999999,61.0,WALK,0.14239,2.066666666666667,RAIL,87.86362,50.0,WALK,0.19712000000000002,2.933333333333333,RAIL,80.00296,49.0,WALK,0.45775,6.15,BUS,7.16484,17.0,WALK,2.39898,30.766666666666666,,,,,,,,,,,,,,,,,,,227.7,281.58970999999997
A00062,dep,1,WALK,10.35979,134.2,,,,,,,,,,,,,,,,,,,,,,,,,,,,,,,,,,,,,,,,,,,134.2,10.35979
A00062,dep,2,WALK,2.1466,27.666666666666668,BUS,7.16484,17.0,WALK,2.39898,30.766666666666666,,,,,,,,,,,,,,,,,,,,,,,,,,,,,,,,,,,,,75.43333333333334,11.71042
A00062,dep,3,WALK,2.1466,27.666666666666668,BUS,7.16484,17.0,WALK,2.39898,30.766666666666666,,,,,,,,,,,,,,,,,,,,,,,,,,,,,,,,,,,,,75.43333333333334,11.71042
A00062,dep,4,WALK,2.1466,27.666666666666668,BUS,9.7371,20.0,WALK,1.77009,22.8,,,,,,,,,,,,,,,,,,,,,,,,,,,,,,,,,,,,,70.46666666666667,13.653789999999999
A00062,dep,5,WALK,2.1466,27.666666666666668,BUS,7.16484,17.0,WALK,2.39898,30.766666666666666,,,,,,,,,,,,,,,,,,,,,,,,,,,,,,,,,,,,,75.43333333333334,11.71042
A00062,dep,1,BICYCLE,11.416469999999999,41.25,,,,,,,,,,,,,,,,,,,,,,,,,,,,,,,,,,,,,,,,,,,41.25,11.416469999999999
A00062,dep,1,CAR,11.65732,12.833333333333334,,,,,,,,,,,,,,,,,,,,,,,,,,,,,,,,,,,,,,,,,,,12.833333333333334,11.65732
A00063,dep,1,WALK,1.02129,12.916666666666666,BUS,11.01241,22.0,WALK,0.1187,1.6166666666666667,RAIL,132.41178,89.0,WALK,0.19712000000000002,2.933333333333333,RAIL,80.00296,47.0,WALK,0.45792,6.15,BUS,7.16484,17.0,WALK,2.39898,30.766666666666666,,,,,,,,,,,,,,,,,,,229.38333333333333,234.786
A00063,dep,2,WALK,1.18003,14.95,BUS,7.191520000000001,12.0,WALK,0.36460000000000004,4.916666666666667,RAIL,10.89649,10.0,RAIL,132.41178,89.0,WALK,0.19712000000000002,2.933333333333333,RAIL,80.00296,48.0,WALK,0.45792,6.15,BUS,9.7371,20.0,WALK,1.77009,22.8,,,,,,,,,,,,,,,,230.75000000000003,244.20961000000003
A00063,dep,3,WALK,1.02129,12.916666666666666,BUS,11.01241,22.0,WALK,0.1187,1.6166666666666667,RAIL,132.41178,89.0,WALK,0.19712000000000002,2.933333333333333,RAIL,80.00296,47.0,WALK,0.45792,6.15,BUS,7.16484,17.0,WALK,2.39898,30.766666666666666,,,,,,,,,,,,,,,,,,,229.38333333333333,234.786
A00063,dep,1,CAR,175.62629,113.78333333333333,,,,,,,,,,,,,,,,,,,,,,,,,,,,,,,,,,,,,,,,,,,113.78333333333333,175.62629
A00064,dep,1,WALK,0.16247999999999999,2.05,BUS,9.4103,13.0,WALK,0.10954000000000001,1.5666666666666667,RAIL,51.36122,37.0,WALK,0.11763,2.15,RAIL,64.69368,39.0,WALK,0.19712000000000002,2.933333333333333,RAIL,80.00296,48.0,WALK,0.45792,6.15,BUS,9.7371,20.0,WALK,1.77009,22.8,,,,,,,,,,,,,194.65,218.02004000000002
A00064,dep,1,CAR,125.81345,83.48333333333333,,,,,,,,,,,,,,,,,,,,,,,,,,,,,,,,,,,,,,,,,,,83.48333333333333,125.81345
A00065,dep,1,WALK,0.67747,8.883333333333333,BUS,3.79452,9.0,WALK,0.64473,8.5,RAIL,30.41442,32.0,WALK,0.11966,1.7666666666666666,RAIL,55.41728,35.0,WALK,0.22184,3.1333333333333333,RAIL,80.00296,49.0,WALK,0.45775,6.15,BUS,7.16484,17.0,WALK,2.39898,30.766666666666666,,,,,,,,,,,,,201.20000000000005,181.31445000000002
A00065,dep,2,WALK,0.70196,9.1,BUS,32.8426,61.0,WALK,0.24356,3.283333333333333,RAIL,61.79498,43.0,WALK,0.22147999999999998,3.0166666666666666,RAIL,32.07784,19.0,WALK,0.45775,6.15,BUS,7.16484,17.0,WALK,2.39898,30.766666666666666,,,,,,,,,,,,,,,,,,,192.31666666666666,137.90399
A00065,dep,1,CAR,108.61192,76.03333333333333,,,,,,,,,,,,,,,,,,,,,,,,,,,,,,,,,,,,,,,,,,,76.03333333333333,108.61192
A00066,dep,1,CAR,185.33585,122.91666666666667,,,,,,,,,,,,,,,,,,,,,,,,,,,,,,,,,,,,,,,,,,,122.91666666666667,185.33585
A00067,dep,1,WALK,0.95582,12.233333333333333,BUS,2.5453699999999997,8.0,WALK,0.8488,13.35,RAIL,58.30546,38.0,WALK,0.45792,6.15,BUS,7.16484,17.0,WALK,2.39898,30.766666666666666,,,,,,,,,,,,,,,,,,,,,,,,,125.50000000000001,72.67719
A00067,dep,2,WALK,0.95582,12.233333333333333,BUS,2.5453699999999997,8.0,WALK,0.8488,13.35,RAIL,58.30546,38.0,WALK,0.45792,6.15,BUS,7.16484,17.0,WALK,2.39898,30.766666666666666,,,,,,,,,,,,,,,,,,,,,,,,,125.50000000000001,72.67719
A00067,dep,1,BICYCLE,49.99008,173.4,,,,,,,,,,,,,,,,,,,,,,,,,,,,,,,,,,,,,,,,,,,173.4,49.99008
A00067,dep,1,CAR,50.04461,39.3,,,,,,,,,,,,,,,,,,,,,,,,,,,,,,,,,,,,,,,,,,,39.3,50.04461
A00068,dep,1,WALK,10.76169,136.41666666666666,,,,,,,,,,,,,,,,,,,,,,,,,,,,,,,,,,,,,,,,,,,136.41666666666666,10.76169
A00068,dep,2,WALK,2.5986,33.016666666666666,BUS,1.31068,5.0,BUS,7.97208,13.0,WALK,0.10101,1.6166666666666667,BUS,4.3455699999999995,10.0,WALK,2.39898,30.766666666666666,,,,,,,,,,,,,,,,,,,,,,,,,,,,93.4,18.72692
A00068,dep,3,WALK,1.3252899999999999,17.25,BUS,7.8431999999999995,21.0,BUS,7.16484,17.0,WALK,2.39898,30.766666666666666,,,,,,,,,,,,,,,,,,,,,,,,,,,,,,,,,,86.01666666666667,18.73231
A00068,dep,4,WALK,2.5986,33.016666666666666,BUS,1.31068,5.0,BUS,7.97208,13.0,WALK,0.10101,1.6166666666666667,BUS,4.3455699999999995,10.0,WALK,2.39898,30.766666666666666,,,,,,,,,,,,,,,,,,,,,,,,,,,,93.4,18.72692
A00068,dep,5,WALK,1.3252899999999999,17.25,BUS,7.8431999999999995,21.0,BUS,9.7371,20.0,WALK,1.77009,22.8,,,,,,,,,,,,,,,,,,,,,,,,,,,,,,,,,,81.05,20.675679999999996
A00068,dep,1,BICYCLE,10.83889,38.46666666666667,,,,,,,,,,,,,,,,,,,,,,,,,,,,,,,,,,,,,,,,,,,38.46666666666667,10.83889
A00068,dep,1,CAR,12.52943,13.8,,,,,,,,,,,,,,,,,,,,,,,,,,,,,,,,,,,,,,,,,,,13.8,12.52943
A00070,dep,1,WALK,10.59908,135.55,,,,,,,,,,,,,,,,,,,,,,,,,,,,,,,,,,,,,,,,,,,135.55,10.59908
A00070,dep,2,WALK,0.7595,9.75,BUS,3.29129,8.0,BUS,9.7371,20.0,WALK,1.77009,22.8,,,,,,,,,,,,,,,,,,,,,,,,,,,,,,,,,,60.55,15.55798
A00070,dep,3,WALK,1.43834,18.566666666666666,BUS,3.9233000000000002,9.0,WALK,0.08479,1.3,BUS,4.3455699999999995,10.0,WALK,2.39898,30.766666666666666,,,,,,,,,,,,,,,,,,,,,,,,,,,,,,,69.63333333333333,12.19098
A00070,dep,4,WALK,0.7595,9.75,BUS,3.29129,8.0,BUS,7.16484,17.0,WALK,2.39898,30.766666666666666,,,,,,,,,,,,,,,,,,,,,,,,,,,,,,,,,,65.51666666666667,13.61461
A00070,dep,5,WALK,1.43834,18.566666666666666,BUS,3.9233000000000002,9.0,WALK,0.08479,1.3,BUS,4.3455699999999995,10.0,WALK,2.39898,30.766666666666666,,,,,,,,,,,,,,,,,,,,,,,,,,,,,,,69.63333333333333,12.19098
A00070,dep,1,BICYCLE,12.66465,47.5,,,,,,,,,,,,,,,,,,,,,,,,,,,,,,,,,,,,,,,,,,,47.5,12.66465
A00070,dep,1,CAR,13.19209,13.3,,,,,,,,,,,,,,,,,,,,,,,,,,,,,,,,,,,,,,,,,,,13.3,13.19209
A00072,dep,1,WALK,1.22842,15.616666666666667,BUS,29.16383,41.0,WALK,0.24317,4.433333333333334,RAIL,51.56834,38.0,WALK,0.41041000000000005,6.016666666666667,BUS,7.16484,17.0,WALK,2.39898,30.766666666666666,,,,,,,,,,,,,,,,,,,,,,,,,152.83333333333331,92.17799
A00072,dep,2,WALK,1.22782,15.616666666666667,BUS,29.088919999999998,41.0,WALK,0.20926,3.85,RAIL,51.56834,38.0,WALK,0.41041000000000005,6.016666666666667,BUS,7.16484,17.0,WALK,2.39898,30.766666666666666,,,,,,,,,,,,,,,,,,,,,,,,,152.25,92.06857
A00072,dep,1,BICYCLE,56.9893,197.73333333333332,,,,,,,,,,,,,,,,,,,,,,,,,,,,,,,,,,,,,,,,,,,197.73333333333332,56.9893
A00072,dep,1,CAR,61.410239999999995,54.416666666666664,,,,,,,,,,,,,,,,,,,,,,,,,,,,,,,,,,,,,,,,,,,54.416666666666664,61.410239999999995
A00073,dep,1,WALK,10.9231,139.03333333333333,,,,,,,,,,,,,,,,,,,,,,,,,,,,,,,,,,,,,,,,,,,139.03333333333333,10.9231
A00073,dep,2,WALK,0.44163,5.916666666666667,BUS,7.49209,21.0,BUS,9.7371,20.0,WALK,1.77009,22.8,,,,,,,,,,,,,,,,,,,,,,,,,,,,,,,,,,69.71666666666667,19.44091
A00073,dep,3,WALK,0.44163,5.916666666666667,BUS,7.49209,21.0,BUS,7.16484,17.0,WALK,2.39898,30.766666666666666,,,,,,,,,,,,,,,,,,,,,,,,,,,,,,,,,,74.68333333333334,17.49754
A00073,dep,4,WALK,0.44163,5.916666666666667,BUS,7.49209,21.0,BUS,7.16484,17.0,WALK,2.39898,30.766666666666666,,,,,,,,,,,,,,,,,,,,,,,,,,,,,,,,,,74.68333333333334,17.49754
A00073,dep,5,WALK,0.44163,5.916666666666667,BUS,7.49209,21.0,BUS,7.16484,17.0,WALK,2.39898,30.766666666666666,,,,,,,,,,,,,,,,,,,,,,,,,,,,,,,,,,74.68333333333334,17.49754
A00073,dep,1,BICYCLE,11.16569,39.983333333333334,,,,,,,,,,,,,,,,,,,,,,,,,,,,,,,,,,,,,,,,,,,39.983333333333334,11.16569
A00073,dep,1,CAR,12.594040000000001,14.566666666666666,,,,,,,,,,,,,,,,,,,,,,,,,,,,,,,,,,,,,,,,,,,14.566666666666666,12.594040000000001
A00074,dep,1,WALK,4.0886,52.78333333333333,,,,,,,,,,,,,,,,,,,,,,,,,,,,,,,,,,,,,,,,,,,52.78333333333333,4.0886
A00074,dep,2,WALK,0.23518,3.1,BUS,4.0801799999999995,8.0,WALK,1.7692999999999999,22.8,,,,,,,,,,,,,,,,,,,,,,,,,,,,,,,,,,,,,33.9,6.0846599999999995
A00074,dep,1,BICYCLE,4.2314099999999994,16.85,,,,,,,,,,,,,,,,,,,,,,,,,,,,,,,,,,,,,,,,,,,16.85,4.2314099999999994
A00074,dep,1,CAR,4.82418,8.3,,,,,,,,,,,,,,,,,,,,,,,,,,,,,,,,,,,,,,,,,,,8.3,4.82418
A00075,dep,1,WALK,6.10091,77.11666666666666,,,,,,,,,,,,,,,,,,,,,,,,,,,,,,,,,,,,,,,,,,,77.11666666666666,6.10091
A00075,dep,2,WALK,1.8411600000000001,23.366666666666667,BUS,2.89914,7.0,WALK,3.4686399999999997,44.4,,,,,,,,,,,,,,,,,,,,,,,,,,,,,,,,,,,,,74.76666666666667,8.20894
A00075,dep,3,WALK,1.8411600000000001,23.366666666666667,BUS,2.89914,7.0,WALK,3.4686399999999997,44.4,,,,,,,,,,,,,,,,,,,,,,,,,,,,,,,,,,,,,74.76666666666667,8.20894
A00075,dep,1,BICYCLE,7.53424,27.233333333333334,,,,,,,,,,,,,,,,,,,,,,,,,,,,,,,,,,,,,,,,,,,27.233333333333334,7.53424
A00075,dep,1,CAR,7.47909,11.233333333333333,,,,,,,,,,,,,,,,,,,,,,,,,,,,,,,,,,,,,,,,,,,11.233333333333333,7.47909
A00076,dep,1,WALK,1.10565,14.016666666666667,BUS,19.319490000000002,31.0,WALK,0.42112,5.833333333333333,RAIL,93.71414,55.0,WALK,0.26027,3.783333333333333,RAIL,87.86362,50.0,WALK,0.19712000000000002,2.933333333333333,RAIL,80.00296,49.0,WALK,0.45775,6.15,BUS,7.16484,17.0,WALK,2.39898,30.766666666666666,,,,,,,,,,,,,265.48333333333335,292.90594
A00076,dep,2,WALK,1.10565,14.016666666666667,BUS,18.972900000000003,25.0,WALK,0.50276,7.766666666666667,RAIL,181.57776,113.0,WALK,0.19712000000000002,2.933333333333333,RAIL,80.00296,49.0,WALK,0.45775,6.15,BUS,7.16484,17.0,WALK,2.39898,30.766666666666666,,,,,,,,,,,,,,,,,,,265.6333333333333,292.38072
A00076,dep,3,WALK,1.10565,14.016666666666667,BUS,19.319490000000002,31.0,WALK,0.42112,5.833333333333333,RAIL,93.71414,55.0,WALK,0.26027,3.783333333333333,RAIL,87.86362,50.0,WALK,0.19712000000000002,2.933333333333333,RAIL,80.00296,49.0,WALK,0.45775,6.15,BUS,7.16484,17.0,WALK,2.39898,30.766666666666666,,,,,,,,,,,,,265.48333333333335,292.90594
A00076,dep,1,WALK,1.10565,14.016666666666667,BUS,19.319490000000002,31.0,WALK,0.42112,5.833333333333333,RAIL,93.71414,55.0,WALK,0.26027,3.783333333333333,RAIL,87.86362,50.0,WALK,0.19712000000000002,2.933333333333333,RAIL,80.00296,49.0,WALK,0.45775,6.15,BUS,7.16484,17.0,WALK,2.39898,30.766666666666666,,,,,,,,,,,,,265.48333333333335,292.90594
A00076,dep,2,WALK,1.10565,14.016666666666667,BUS,18.972900000000003,25.0,WALK,0.50276,7.766666666666667,RAIL,181.57776,113.0,WALK,0.19712000000000002,2.933333333333333,RAIL,80.00296,49.0,WALK,0.45775,6.15,BUS,7.16484,17.0,WALK,2.39898,30.766666666666666,,,,,,,,,,,,,,,,,,,265.6333333333333,292.38072
A00076,dep,3,WALK,1.10565,14.016666666666667,BUS,19.319490000000002,31.0,WALK,0.42112,5.833333333333333,RAIL,93.71414,55.0,WALK,0.26027,3.783333333333333,RAIL,87.86362,50.0,WALK,0.19712000000000002,2.933333333333333,RAIL,80.00296,49.0,WALK,0.45775,6.15,BUS,7.16484,17.0,WALK,2.39898,30.766666666666666,,,,,,,,,,,,,265.48333333333335,292.90594
A00077,dep,1,WALK,13.42399,172.66666666666666,,,,,,,,,,,,,,,,,,,,,,,,,,,,,,,,,,,,,,,,,,,172.66666666666666,13.42399
A00077,dep,2,WALK,2.07489,26.5,BUS,5.28122,18.0,BUS,9.7371,20.0,WALK,1.77009,22.8,,,,,,,,,,,,,,,,,,,,,,,,,,,,,,,,,,87.3,18.8633
A00077,dep,1,BICYCLE,14.45095,52.8,,,,,,,,,,,,,,,,,,,,,,,,,,,,,,,,,,,,,,,,,,,52.8,14.45095
A00077,dep,1,CAR,15.57545,17.383333333333333,,,,,,,,,,,,,,,,,,,,,,,,,,,,,,,,,,,,,,,,,,,17.383333333333333,15.57545
A00078,dep,1,WALK,2.0910100000000003,28.266666666666666,RAIL,26.528389999999998,20.0,WALK,0.3326,4.85,BUS,4.659020000000001,10.0,WALK,1.7692999999999999,22.8,,,,,,,,,,,,,,,,,,,,,,,,,,,,,,,85.91666666666667,35.38032
A00078,dep,2,WALK,0.42961,5.8,BUS,2.79054,12.0,WALK,0.2727,4.116666666666666,RAIL,26.528389999999998,20.0,WALK,0.3326,4.85,BUS,4.659020000000001,10.0,WALK,1.7692999999999999,22.8,,,,,,,,,,,,,,,,,,,,,,,,,79.56666666666668,36.78216
A00078,dep,3,WALK,2.0910100000000003,28.266666666666666,RAIL,36.83714,22.0,WALK,0.45792,6.15,BUS,7.16484,17.0,WALK,2.39898,30.766666666666666,,,,,,,,,,,,,,,,,,,,,,,,,,,,,,,104.18333333333332,48.949889999999996
A00078,dep,4,WALK,0.42961,5.8,BUS,2.79054,11.0,WALK,0.2727,4.116666666666666,RAIL,36.83714,22.0,WALK,0.45792,6.15,BUS,7.16484,17.0,WALK,2.39898,30.766666666666666,,,,,,,,,,,,,,,,,,,,,,,,,96.83333333333333,50.351729999999996
A00078,dep,1,BICYCLE,28.37146,100.18333333333334,,,,,,,,,,,,,,,,,,,,,,,,,,,,,,,,,,,,,,,,,,,100.18333333333334,28.37146
A00078,dep,1,CAR,30.02234,25.416666666666668,,,,,,,,,,,,,,,,,,,,,,,,,,,,,,,,,,,,,,,,,,,25.416666666666668,30.02234
A00079,dep,1,WALK,11.78298,151.25,,,,,,,,,,,,,,,,,,,,,,,,,,,,,,,,,,,,,,,,,,,151.25,11.78298
A00079,dep,2,WALK,0.21253999999999998,2.9166666666666665,BUS,3.9013400000000003,14.0,BUS,7.16484,17.0,WALK,2.39898,30.766666666666666,,,,,,,,,,,,,,,,,,,,,,,,,,,,,,,,,,64.68333333333334,13.6777
A00079,dep,3,WALK,0.21253999999999998,2.9166666666666665,BUS,3.9013400000000003,14.0,BUS,7.16484,17.0,WALK,2.39898,30.766666666666666,,,,,,,,,,,,,,,,,,,,,,,,,,,,,,,,,,64.68333333333334,13.6777
A00079,dep,1,BICYCLE,13.131020000000001,47.75,,,,,,,,,,,,,,,,,,,,,,,,,,,,,,,,,,,,,,,,,,,47.75,13.131020000000001
A00079,dep,1,CAR,13.584280000000001,15.016666666666667,,,,,,,,,,,,,,,,,,,,,,,,,,,,,,,,,,,,,,,,,,,15.016666666666667,13.584280000000001
A00080,dep,1,WALK,15.54658,196.23333333333332,,,,,,,,,,,,,,,,,,,,,,,,,,,,,,,,,,,,,,,,,,,196.23333333333332,15.54658
A00080,dep,2,WALK,2.74019,35.75,RAIL,13.08833,9.0,WALK,0.41041000000000005,6.016666666666667,BUS,7.16484,17.0,WALK,2.39898,30.766666666666666,,,,,,,,,,,,,,,,,,,,,,,,,,,,,,,98.53333333333333,25.802750000000003
A00080,dep,3,WALK,1.9998,25.85,RAIL,10.77455,9.0,WALK,0.41041000000000005,6.016666666666667,BUS,9.7371,20.0,WALK,1.77009,22.8,,,,,,,,,,,,,,,,,,,,,,,,,,,,,,,83.66666666666667,24.691950000000002
A00080,dep,4,WALK,1.4533699999999998,18.466666666666665,BUS,1.87003,6.0,WALK,0.12079999999999999,2.033333333333333,RAIL,13.08833,10.0,WALK,0.41041000000000005,6.016666666666667,BUS,7.16484,17.0,WALK,2.39898,30.766666666666666,,,,,,,,,,,,,,,,,,,,,,,,,90.28333333333333,26.50676
A00080,dep,1,BICYCLE,16.34243,57.55,,,,,,,,,,,,,,,,,,,,,,,,,,,,,,,,,,,,,,,,,,,57.55,16.34243
A00080,dep,1,CAR,21.638720000000003,19.966666666666665,,,,,,,,,,,,,,,,,,,,,,,,,,,,,,,,,,,,,,,,,,,19.966666666666665,21.638720000000003
A00081,dep,1,WALK,2.92312,37.0,BUS,4.07473,8.0,WALK,0.21368,2.8833333333333333,BUS,20.45453,20.0,WALK,0.132,2.05,RAIL,75.00341,57.0,WALK,0.16293000000000002,2.45,RAIL,87.86362,50.0,WALK,0.19712000000000002,2.933333333333333,RAIL,80.00296,49.0,WALK,0.45775,6.15,BUS,7.16484,17.0,WALK,2.39898,30.766666666666666,,,,,,,285.23333333333335,281.04967
A00081,dep,2,WALK,2.3931199999999997,30.3,BUS,22.936259999999997,33.0,WALK,0.28645,4.216666666666667,RAIL,180.17545,103.0,WALK,0.11784,1.8333333333333333,RAIL,115.50677999999999,77.0,WALK,0.45775,6.15,BUS,7.16484,17.0,WALK,2.39898,30.766666666666666,,,,,,,,,,,,,,,,,,,303.26666666666665,331.43746999999996
A00081,dep,1,WALK,2.92312,37.0,BUS,4.07473,8.0,WALK,0.21368,2.8833333333333333,BUS,20.45453,20.0,WALK,0.132,2.05,RAIL,75.00341,57.0,WALK,0.16293000000000002,2.45,RAIL,87.86362,50.0,WALK,0.19712000000000002,2.933333333333333,RAIL,80.00296,49.0,WALK,0.45775,6.15,BUS,7.16484,17.0,WALK,2.39898,30.766666666666666,,,,,,,285.23333333333335,281.04967
A00081,dep,2,WALK,2.3931199999999997,30.3,BUS,22.936259999999997,33.0,WALK,0.28645,4.216666666666667,RAIL,180.17545,103.0,WALK,0.11784,1.8333333333333333,RAIL,115.50677999999999,77.0,WALK,0.45775,6.15,BUS,7.16484,17.0,WALK,2.39898,30.766666666666666,,,,,,,,,,,,,,,,,,,303.26666666666665,331.43746999999996
A00082,dep,1,WALK,5.46145,70.41666666666667,,,,,,,,,,,,,,,,,,,,,,,,,,,,,,,,,,,,,,,,,,,70.41666666666667,5.46145
A00082,dep,2,WALK,0.56638,7.366666666666666,BUS,4.86686,9.0,WALK,1.77009,22.8,,,,,,,,,,,,,,,,,,,,,,,,,,,,,,,,,,,,,39.16666666666667,7.203329999999999
A00082,dep,3,WALK,1.05756,13.866666666666667,BUS,3.34835,8.0,WALK,2.39898,30.766666666666666,,,,,,,,,,,,,,,,,,,,,,,,,,,,,,,,,,,,,52.63333333333333,6.80489
A00082,dep,4,WALK,1.05756,13.866666666666667,BUS,3.34835,8.0,WALK,2.39898,30.766666666666666,,,,,,,,,,,,,,,,,,,,,,,,,,,,,,,,,,,,,52.63333333333333,6.80489
A00082,dep,1,BICYCLE,5.9759899999999995,22.15,,,,,,,,,,,,,,,,,,,,,,,,,,,,,,,,,,,,,,,,,,,22.15,5.9759899999999995
A00082,dep,1,CAR,7.229550000000001,9.266666666666667,,,,,,,,,,,,,,,,,,,,,,,,,,,,,,,,,,,,,,,,,,,9.266666666666667,7.229550000000001
A00083,dep,1,WALK,1.859,23.5,BUS,19.56928,28.0,WALK,0.13393,2.05,RAIL,152.53244,96.0,WALK,0.19712000000000002,2.933333333333333,RAIL,80.00296,49.0,WALK,0.45775,6.15,BUS,7.16484,17.0,WALK,2.39898,30.766666666666666,,,,,,,,,,,,,,,,,,,255.40000000000003,264.3163
A00083,dep,2,WALK,1.859,23.5,BUS,19.56928,28.0,WALK,0.13393,2.05,RAIL,152.53244,96.0,WALK,0.19712000000000002,2.933333333333333,RAIL,80.00296,49.0,WALK,0.45775,6.15,BUS,7.16484,17.0,WALK,2.39898,30.766666666666666,,,,,,,,,,,,,,,,,,,255.40000000000003,264.3163
A00083,dep,1,CAR,194.0159,119.23333333333333,,,,,,,,,,,,,,,,,,,,,,,,,,,,,,,,,,,,,,,,,,,119.23333333333333,194.0159
A00084,dep,1,WALK,4.8564300000000005,61.75,,,,,,,,,,,,,,,,,,,,,,,,,,,,,,,,,,,,,,,,,,,61.75,4.8564300000000005
A00084,dep,2,WALK,1.9421300000000001,24.983333333333334,BUS,1.32393,2.0,WALK,1.7692999999999999,22.8,,,,,,,,,,,,,,,,,,,,,,,,,,,,,,,,,,,,,49.78333333333333,5.035360000000001
A00084,dep,1,BICYCLE,4.89114,18.083333333333332,,,,,,,,,,,,,,,,,,,,,,,,,,,,,,,,,,,,,,,,,,,18.083333333333332,4.89114
A00084,dep,1,CAR,7.43937,7.416666666666667,,,,,,,,,,,,,,,,,,,,,,,,,,,,,,,,,,,,,,,,,,,7.416666666666667,7.43937
A00085,dep,1,WALK,0.66574,8.516666666666667,BUS,4.60622,10.0,WALK,0.64473,8.5,RAIL,30.41442,32.0,WALK,0.12423999999999999,1.6833333333333333,RAIL,56.49371,30.0,WALK,0.22184,3.1333333333333333,RAIL,80.00296,48.0,WALK,0.45792,6.15,BUS,9.7371,20.0,WALK,1.77009,22.8,,,,,,,,,,,,,190.78333333333333,185.13897
A00085,dep,2,WALK,0.79748,10.183333333333334,BUS,31.8111,59.0,WALK,0.24356,3.283333333333333,RAIL,61.79498,43.0,WALK,0.22147999999999998,3.0166666666666666,RAIL,32.07784,19.0,WALK,0.45775,6.15,BUS,7.16484,17.0,WALK,2.39898,30.766666666666666,,,,,,,,,,,,,,,,,,,191.40000000000003,136.96801
A00085,dep,1,CAR,108.43867999999999,75.61666666666666,,,,,,,,,,,,,,,,,,,,,,,,,,,,,,,,,,,,,,,,,,,75.61666666666666,108.43867999999999
A00086,dep,1,CAR,131.30166,84.71666666666667,,,,,,,,,,,,,,,,,,,,,,,,,,,,,,,,,,,,,,,,,,,84.71666666666667,131.30166
A00087,dep,1,WALK,1.8320699999999999,23.416666666666668,RAIL,8.6026,6.0,WALK,0.25418999999999997,3.3,RAIL,28.81089,16.0,WALK,0.1784,2.533333333333333,BUS,9.7371,20.0,WALK,1.77009,22.8,,,,,,,,,,,,,,,,,,,,,,,,,94.05,51.185340000000004
A00087,dep,2,WALK,1.81843,23.2,RAIL,19.537950000000002,16.0,WALK,0.20179,3.05,BUS,7.16484,17.0,WALK,2.39898,30.766666666666666,,,,,,,,,,,,,,,,,,,,,,,,,,,,,,,90.01666666666667,31.121990000000004
A00087,dep,1,BICYCLE,33.6719,118.98333333333333,,,,,,,,,,,,,,,,,,,,,,,,,,,,,,,,,,,,,,,,,,,118.98333333333333,33.6719
A00087,dep,1,CAR,39.000629999999994,26.683333333333334,,,,,,,,,,,,,,,,,,,,,,,,,,,,,,,,,,,,,,,,,,,26.683333333333334,39.000629999999994
A00088,dep,1,BICYCLE,28.123639999999998,99.46666666666667,,,,,,,,,,,,,,,,,,,,,,,,,,,,,,,,,,,,,,,,,,,99.46666666666667,28.123639999999998
A00088,dep,1,CAR,31.11009,27.316666666666666,,,,,,,,,,,,,,,,,,,,,,,,,,,,,,,,,,,,,,,,,,,27.316666666666666,31.11009
A00089,dep,1,WALK,2.28529,29.433333333333334,BUS,17.29902,34.0,WALK,0.09669,1.4833333333333334,RAIL,64.69368,39.0,WALK,0.19712000000000002,2.933333333333333,RAIL,80.00296,48.0,WALK,0.45792,6.15,BUS,9.7371,20.0,WALK,1.77009,22.8,,,,,,,,,,,,,,,,,,,203.80000000000004,176.53987
A00089,dep,2,WALK,2.28529,29.433333333333334,BUS,17.29902,33.0,WALK,0.09669,1.4833333333333334,RAIL,64.69368,39.0,WALK,0.19712000000000002,2.933333333333333,RAIL,80.00296,47.0,WALK,0.45792,6.15,BUS,7.16484,17.0,WALK,2.39898,30.766666666666666,,,,,,,,,,,,,,,,,,,206.7666666666667,174.5965
A00089,dep,3,WALK,2.28529,29.433333333333334,BUS,17.29902,33.0,WALK,0.09669,1.4833333333333334,RAIL,64.69368,39.0,WALK,0.19712000000000002,2.933333333333333,RAIL,80.00296,48.0,WALK,0.45792,6.15,BUS,9.7371,20.0,WALK,1.77009,22.8,,,,,,,,,,,,,,,,,,,202.80000000000004,176.53987
A00089,dep,1,CAR,126.92914,82.51666666666667,,,,,,,,,,,,,,,,,,,,,,,,,,,,,,,,,,,,,,,,,,,82.51666666666667,126.92914
A00090,dep,1,WALK,2.03947,26.883333333333333,RAIL,77.94439,59.0,WALK,0.22147999999999998,3.0166666666666666,RAIL,32.07784,19.0,WALK,0.45775,6.15,BUS,7.16484,17.0,WALK,2.39898,30.766666666666666,,,,,,,,,,,,,,,,,,,,,,,,,161.81666666666666,122.30474999999998
A00090,dep,2,WALK,2.03947,26.883333333333333,RAIL,77.94439,59.0,WALK,0.22147999999999998,3.0166666666666666,RAIL,32.07784,19.0,WALK,0.45775,6.15,BUS,7.16484,17.0,WALK,2.39898,30.766666666666666,,,,,,,,,,,,,,,,,,,,,,,,,161.81666666666666,122.30474999999998
A00090,dep,1,CAR,99.81963,67.51666666666667,,,,,,,,,,,,,,,,,,,,,,,,,,,,,,,,,,,,,,,,,,,67.51666666666667,99.81963
A00091,dep,1,WALK,9.47061,121.5,,,,,,,,,,,,,,,,,,,,,,,,,,,,,,,,,,,,,,,,,,,121.5,9.47061
A00091,dep,2,WALK,0.92628,12.516666666666667,BUS,7.16484,17.0,WALK,2.39898,30.766666666666666,,,,,,,,,,,,,,,,,,,,,,,,,,,,,,,,,,,,,60.28333333333333,10.4901
A00091,dep,3,WALK,0.92628,12.516666666666667,BUS,9.7371,20.0,WALK,1.77009,22.8,,,,,,,,,,,,,,,,,,,,,,,,,,,,,,,,,,,,,55.31666666666666,12.43347
A00091,dep,4,WALK,0.92628,12.516666666666667,BUS,7.16484,17.0,WALK,2.39898,30.766666666666666,,,,,,,,,,,,,,,,,,,,,,,,,,,,,,,,,,,,,60.28333333333333,10.4901
A00091,dep,5,WALK,0.92628,12.516666666666667,BUS,7.16484,17.0,WALK,2.39898,30.766666666666666,,,,,,,,,,,,,,,,,,,,,,,,,,,,,,,,,,,,,60.28333333333333,10.4901
A00091,dep,1,BICYCLE,9.98659,36.13333333333333,,,,,,,,,,,,,,,,,,,,,,,,,,,,,,,,,,,,,,,,,,,36.13333333333333,9.98659
A00091,dep,1,CAR,10.48967,12.6,,,,,,,,,,,,,,,,,,,,,,,,,,,,,,,,,,,,,,,,,,,12.6,10.48967
A00092,dep,1,WALK,0.49419,6.283333333333333,BUS,7.55474,8.0,WALK,0.52616,7.466666666666667,RAIL,101.33897999999999,89.0,WALK,0.05274,0.7833333333333333,RAIL,80.00296,49.0,WALK,0.45775,6.15,BUS,7.16484,17.0,WALK,2.39898,30.766666666666666,,,,,,,,,,,,,,,,,,,214.45,199.99133999999998
A00092,dep,2,WALK,1.4008399999999999,17.95,BUS,15.84339,21.0,WALK,0.30701999999999996,6.983333333333333,RAIL,80.71976,67.0,WALK,0.05274,0.7833333333333333,RAIL,80.00296,49.0,WALK,0.45775,6.15,BUS,7.16484,17.0,WALK,2.39898,30.766666666666666,,,,,,,,,,,,,,,,,,,216.63333333333333,188.34828
A00092,dep,1,CAR,167.88415,108.11666666666666,,,,,,,,,,,,,,,,,,,,,,,,,,,,,,,,,,,,,,,,,,,108.11666666666666,167.88415
A00093,dep,1,WALK,0.38149,4.9,BUS,6.3960799999999995,5.0,WALK,0.24227,5.3,RAIL,13.70455,12.0,WALK,0.04822,0.7333333333333333,RAIL,115.50677999999999,77.0,WALK,0.45775,6.15,BUS,7.16484,17.0,WALK,2.39898,30.766666666666666,,,,,,,,,,,,,,,,,,,158.85000000000002,146.30095999999998
A00093,dep,2,WALK,0.38149,4.9,BUS,6.3960799999999995,5.0,WALK,0.24227,5.3,RAIL,13.70455,12.0,WALK,0.04822,0.7333333333333333,RAIL,115.50677999999999,77.0,WALK,0.45775,6.15,BUS,7.16484,17.0,WALK,2.39898,30.766666666666666,,,,,,,,,,,,,,,,,,,158.85000000000002,146.30095999999998
A00093,dep,3,WALK,2.6022600000000002,33.13333333333333,BUS,8.67801,14.0,WALK,0.15002000000000001,2.5166666666666666,RAIL,124.37982000000001,87.0,WALK,0.45775,6.15,BUS,7.16484,17.0,WALK,2.39898,30.766666666666666,,,,,,,,,,,,,,,,,,,,,,,,,190.56666666666666,145.83168
A00093,dep,1,CAR,126.72612,80.8,,,,,,,,,,,,,,,,,,,,,,,,,,,,,,,,,,,,,,,,,,,80.8,126.72612
A00094,dep,1,WALK,2.60144,33.3,RAIL,11.67597,17.0,WALK,0.13369999999999999,2.9166666666666665,RAIL,32.298880000000004,18.0,WALK,0.17565999999999998,2.6666666666666665,RAIL,80.00296,48.0,WALK,0.45792,6.15,BUS,9.7371,20.0,WALK,1.77009,22.8,,,,,,,,,,,,,,,,,,,170.83333333333334,138.85372
A00094,dep,2,WALK,2.60144,33.3,RAIL,11.67597,17.0,WALK,0.13369999999999999,2.9166666666666665,RAIL,32.298880000000004,18.0,WALK,0.17342,2.6333333333333333,RAIL,80.00296,47.0,WALK,0.45792,6.15,BUS,7.16484,17.0,WALK,2.39898,30.766666666666666,,,,,,,,,,,,,,,,,,,174.76666666666665,136.90811
A00094,dep,3,WALK,2.59053,33.05,RAIL,5.67838,5.0,WALK,0.02859,0.48333333333333334,RAIL,34.72339,24.0,WALK,0.18321,2.75,RAIL,80.00296,48.0,WALK,0.45792,6.15,BUS,9.7371,20.0,WALK,1.77009,22.8,,,,,,,,,,,,,,,,,,,162.23333333333335,135.17217000000002
A00094,dep,1,CAR,105.74752000000001,69.95,,,,,,,,,,,,,,,,,,,,,,,,,,,,,,,,,,,,,,,,,,,69.95,105.74752000000001
A00095,dep,1,WALK,0.96912,12.516666666666667,BUS,4.8584499999999995,10.5,WALK,0.41049,5.616666666666666,RAIL,45.896699999999996,44.0,WALK,0.18321,2.75,RAIL,80.00296,49.0,WALK,0.45775,6.15,BUS,7.16484,17.0,WALK,2.39898,30.766666666666666,,,,,,,,,,,,,,,,,,,178.3,142.3425
A00095,dep,2,WALK,1.04024,13.416666666666666,BUS,7.52792,17.116666666666667,WALK,0.23879,5.6,SUBWAY,6.10283,9.0,WALK,0.16722,4.883333333333334,RAIL,45.57508,22.0,WALK,0.11634,1.5833333333333333,RAIL,21.468310000000002,13.0,RAIL,26.528389999999998,20.0,WALK,0.3326,4.85,BUS,4.659020000000001,10.0,WALK,1.7692999999999999,22.8,,,,,,,,,,144.25,115.52604
A00095,dep,3,WALK,0.96912,12.516666666666667,BUS,4.8584499999999995,10.5,WALK,0.41049,5.616666666666666,RAIL,45.896699999999996,44.0,WALK,0.18321,2.75,RAIL,80.00296,49.0,WALK,0.45775,6.15,BUS,7.16484,17.0,WALK,2.39898,30.766666666666666,,,,,,,,,,,,,,,,,,,178.3,142.3425
A00095,dep,1,CAR,118.81267999999999,75.58333333333333,,,,,,,,,,,,,,,,,,,,,,,,,,,,,,,,,,,,,,,,,,,75.58333333333333,118.81267999999999
A00096,dep,1,WALK,12.64756,161.38333333333333,,,,,,,,,,,,,,,,,,,,,,,,,,,,,,,,,,,,,,,,,,,161.38333333333333,12.64756
A00096,dep,2,WALK,0.477,6.716666666666667,BUS,8.03615,21.0,BUS,7.16484,17.0,WALK,2.39898,30.766666666666666,,,,,,,,,,,,,,,,,,,,,,,,,,,,,,,,,,75.48333333333333,18.07697
A00096,dep,3,WALK,0.477,6.716666666666667,BUS,8.03615,21.0,BUS,7.16484,17.0,WALK,2.39898,30.766666666666666,,,,,,,,,,,,,,,,,,,,,,,,,,,,,,,,,,75.48333333333333,18.07697
A00096,dep,1,BICYCLE,13.06418,46.05,,,,,,,,,,,,,,,,,,,,,,,,,,,,,,,,,,,,,,,,,,,46.05,13.06418
A00096,dep,1,CAR,14.83891,15.233333333333333,,,,,,,,,,,,,,,,,,,,,,,,,,,,,,,,,,,,,,,,,,,15.233333333333333,14.83891
A00097,dep,1,WALK,1.3621800000000002,17.883333333333333,RAIL,10.77455,9.0,WALK,0.41041000000000005,6.016666666666667,BUS,7.16484,17.0,WALK,2.39898,30.766666666666666,,,,,,,,,,,,,,,,,,,,,,,,,,,,,,,80.66666666666666,22.11096
A00097,dep,2,WALK,0.13287000000000002,1.8666666666666667,BUS,1.4018,4.0,WALK,0.1105,1.9,RAIL,13.08833,12.0,WALK,0.41041000000000005,6.016666666666667,BUS,7.16484,17.0,WALK,2.39898,30.766666666666666,,,,,,,,,,,,,,,,,,,,,,,,,73.55,24.707729999999998
A00097,dep,3,WALK,0.19028,2.65,BUS,19.992369999999998,41.0,BUS,7.16484,17.0,WALK,2.39898,30.766666666666666,,,,,,,,,,,,,,,,,,,,,,,,,,,,,,,,,,91.41666666666666,29.746470000000002
A00097,dep,4,WALK,1.36337,17.8,RAIL,13.08833,9.0,WALK,0.41041000000000005,6.016666666666667,BUS,7.16484,17.0,WALK,2.39898,30.766666666666666,,,,,,,,,,,,,,,,,,,,,,,,,,,,,,,80.58333333333334,24.42593
A00097,dep,5,WALK,1.3621800000000002,17.883333333333333,RAIL,10.77455,9.0,WALK,0.41041000000000005,6.016666666666667,BUS,9.7371,20.0,WALK,1.77009,22.8,,,,,,,,,,,,,,,,,,,,,,,,,,,,,,,75.7,24.05433
A00097,dep,1,BICYCLE,18.83936,66.98333333333333,,,,,,,,,,,,,,,,,,,,,,,,,,,,,,,,,,,,,,,,,,,66.98333333333333,18.83936
A00097,dep,1,CAR,22.31419,21.616666666666667,,,,,,,,,,,,,,,,,,,,,,,,,,,,,,,,,,,,,,,,,,,21.616666666666667,22.31419
A00098,dep,1,WALK,0.72738,9.466666666666667,,,,,,,,,,,,,,,,,,,,,,,,,,,,,,,,,,,,,,,,,,,9.466666666666667,0.72738
A00098,dep,1,BICYCLE,0.8651,3.966666666666667,,,,,,,,,,,,,,,,,,,,,,,,,,,,,,,,,,,,,,,,,,,3.966666666666667,0.8651
A00098,dep,1,CAR,3.99068,5.35,,,,,,,,,,,,,,,,,,,,,,,,,,,,,,,,,,,,,,,,,,,5.35,3.99068
A00099,dep,1,WALK,11.570030000000001,146.95,,,,,,,,,,,,,,,,,,,,,,,,,,,,,,,,,,,,,,,,,,,146.95,11.570030000000001
A00099,dep,2,WALK,0.91464,11.883333333333333,BUS,6.75746,18.0,BUS,7.16484,17.0,WALK,2.39898,30.766666666666666,,,,,,,,,,,,,,,,,,,,,,,,,,,,,,,,,,77.65,17.23592
A00099,dep,3,WALK,1.08651,14.05,BUS,5.62588,18.0,BUS,9.7371,20.0,WALK,1.77009,22.8,,,,,,,,,,,,,,,,,,,,,,,,,,,,,,,,,,74.85,18.21958
A00099,dep,4,WALK,1.11071,14.233333333333333,BUS,3.23225,10.0,BUS,7.97208,13.0,WALK,0.10101,1.6166666666666667,BUS,4.3455699999999995,10.0,WALK,2.39898,30.766666666666666,,,,,,,,,,,,,,,,,,,,,,,,,,,,79.61666666666667,19.160600000000002
A00099,dep,5,WALK,1.08651,14.05,BUS,5.62588,18.0,BUS,7.16484,17.0,WALK,2.39898,30.766666666666666,,,,,,,,,,,,,,,,,,,,,,,,,,,,,,,,,,79.81666666666666,16.27621
A00099,dep,1,BICYCLE,11.848040000000001,42.15,,,,,,,,,,,,,,,,,,,,,,,,,,,,,,,,,,,,,,,,,,,42.15,11.848040000000001
A00099,dep,1,CAR,13.60304,13.55,,,,,,,,,,,,,,,,,,,,,,,,,,,,,,,,,,,,,,,,,,,13.55,13.60304
A00100,dep,1,WALK,1.546,19.616666666666667,BUS,9.89918,20.0,WALK,0.16032,2.4,RAIL,152.53244,96.0,WALK,0.19712000000000002,2.933333333333333,RAIL,80.00296,49.0,WALK,0.45775,6.15,BUS,7.16484,17.0,WALK,2.39898,30.766666666666666,,,,,,,,,,,,,,,,,,,243.86666666666667,254.35959000000003
A00100,dep,2,WALK,1.546,19.616666666666667,BUS,9.89918,20.0,WALK,0.16032,2.4,RAIL,152.53244,96.0,WALK,0.19712000000000002,2.933333333333333,RAIL,80.00296,49.0,WALK,0.45775,6.15,BUS,7.16484,17.0,WALK,2.39898,30.766666666666666,,,,,,,,,,,,,,,,,,,243.86666666666667,254.35959000000003
A00100,dep,1,WALK,1.546,19.616666666666667,BUS,9.89918,20.0,WALK,0.16032,2.4,RAIL,152.53244,96.0,WALK,0.19712000000000002,2.933333333333333,RAIL,80.00296,49.0,WALK,0.45775,6.15,BUS,7.16484,17.0,WALK,2.39898,30.766666666666666,,,,,,,,,,,,,,,,,,,243.86666666666667,254.35959000000003
A00100,dep,2,WALK,1.546,19.616666666666667,BUS,9.89918,20.0,WALK,0.16032,2.4,RAIL,152.53244,96.0,WALK,0.19712000000000002,2.933333333333333,RAIL,80.00296,49.0,WALK,0.45775,6.15,BUS,7.16484,17.0,WALK,2.39898,30.766666666666666,,,,,,,,,,,,,,,,,,,243.86666666666667,254.35959000000003
