attendee_id,direction,trip_option,leg1_mode,leg1_length,leg1_duration,leg1_from_lat,leg1_from_lng,leg1_to_lat,leg1_to_lng,leg1_from_scheduledTime,leg1_to_scheduledTime,leg2_mode,leg2_length,leg2_duration,leg2_from_lat,leg2_from_lng,leg2_to_lat,leg2_to_lng,leg2_from_scheduledTime,leg2_to_scheduledTime,leg3_mode,leg3_length,leg3_duration,leg3_from_lat,leg3_from_lng,leg3_to_lat,leg3_to_lng,leg3_from_scheduledTime,leg3_to_scheduledTime,leg4_mode,leg4_length,leg4_duration,leg4_from_lat,leg4_from_lng,leg4_to_lat,leg4_to_lng,leg4_from_scheduledTime,leg4_to_scheduledTime,leg5_mode,leg5_length,leg5_duration,leg5_from_lat,leg5_from_lng,leg5_to_lat,leg5_to_lng,leg5_from_scheduledTime,leg5_to_scheduledTime,leg6_mode,leg6_length,leg6_duration,leg6_from_lat,leg6_from_lng,leg6_to_lat,leg6_to_lng,leg6_from_scheduledTime,leg6_to_scheduledTime,leg7_mode,leg7_length,leg7_duration,leg7_from_lat,leg7_from_lng,leg7_to_lat,leg7_to_lng,leg7_from_scheduledTime,leg7_to_scheduledTime,leg8_mode,leg8_length,leg8_duration,leg8_from_lat,leg8_from_lng,leg8_to_lat,leg8_to_lng,leg8_from_scheduledTime,leg8_to_scheduledTime,leg9_mode,leg9_length,leg9_duration,leg9_from_lat,leg9_from_lng,leg9_to_lat,leg9_to_lng,leg9_from_scheduledTime,leg9_to_scheduledTime,leg10_mode,leg10_length,leg10_duration,leg10_from_lat,leg10_from_lng,leg10_to_lat,leg10_to_lng,leg10_from_scheduledTime,leg10_to_scheduledTime,total_duration,total_length,leg11_mode,leg11_length,leg11_duration,leg11_from_lat,leg11_from_lng,leg11_to_lat,leg11_to_lng,leg11_from_scheduledTime,leg11_to_scheduledTime,leg12_mode,leg12_length,leg12_duration,leg12_from_lat,leg12_from_lng,leg12_to_lat,leg12_to_lng,leg12_from_scheduledTime,leg12_to_scheduledTime,leg13_mode,leg13_length,leg13_duration,leg13_from_lat,leg13_from_lng,leg13_to_lat,leg13_to_lng,leg13_from_scheduledTime,leg13_to_scheduledTime,leg14_mode,leg14_length,leg14_duration,leg14_from_lat,leg14_from_lng,leg14_to_lat,leg14_to_lng,leg14_from_scheduledTime,leg14_to_scheduledTime,leg15_mode,leg15_length,leg15_duration,leg15_from_lat,leg15_from_lng,leg15_to_lat,leg15_to_lng,leg15_from_scheduledTime,leg15_to_scheduledTime,leg1_carbon,leg2_carbon,leg3_carbon,leg4_carbon,leg5_carbon,leg6_carbon,leg7_carbon,leg8_carbon,leg9_carbon,leg10_carbon,leg11_carbon,leg12_carbon,leg13_carbon,leg14_carbon,leg15_carbon,calculated_total_carbon_footprint,leg1_cost,leg2_cost,leg3_cost,leg4_cost,leg5_cost,leg6_cost,leg7_cost,leg8_cost,leg9_cost,leg10_cost,leg11_cost,leg12_cost,leg13_cost,leg14_cost,leg15_cost,calculated_total_cost
A00001,dep,3,WALK,2.1396599999999997,27.15,52.341383,6.9447933,52.328694,6.948448,2025-05-17T08:47:51+02:00,2025-05-17T09:15:00+02:00,BUS,3.26815,6.0,52.328694,6.948448,52.306542,6.93494,2025-05-17T09:15:00+02:00,2025-05-17T09:21:00+02:00,WALK,0.24918,3.45,52.306542,6.93494,52.306204,6.934005,2025-05-17T09:21:00+02:00,2025-05-17T09:24:27+02:00,RAIL,10.89649,10.0,52.306204,6.934005,52.2620213,6.7929304,2025-05-17T09:33:00+02:00,2025-05-17T09:43:00+02:00,RAIL,132.41178,89.0,52.2620213,6.7929304,52.0899869,5.109934,2025-05-17T09:54:00+02:00,2025-05-17T11:23:00+02:00,WALK,0.19712000000000002,2.933333333333333,52.0899869,5.109934,52.0896856,5.1090611,2025-05-17T11:23:00+02:00,2025-05-17T11:25:56+02:00,RAIL,80.00296,47.0,52.0896856,5.1090611,51.4428473,5.4804826,2025-05-17T11:39:00+02:00,2025-05-17T12:26:00+02:00,WALK,0.45792,6.15,51.4428473,5.4804826,51.443663,5.478553,2025-05-17T12:26:00+02:00,2025-05-17T12:32:09+02:00,BUS,7.16484,17.0,51.443663,5.478553,51.497783,5.453287,2025-05-17T12:40:00+02:00,2025-05-17T12:57:00+02:00,WALK,2.39898,30.766666666666666,51.497783,5.453287,51.4998731,5.4332325,2025-05-17T12:57:00+02:00,2025-05-17T13:27:46+02:00,239.45,239.18708,,,,,,,,,,,,,,,,,,,,,,,,,,,,,,,,,,,,,,,,,,,,,,0.0,343.15575,0.0,446.75609,5428.882979999999,0.0,3280.12136,0.0,752.3081999999999,0.0,0.0,0.0,0.0,0.0,0.0,10251.22438,0.0,0.65363,0.0,1.6344735,19.861766999999997,0.0,12.000444,0.0,1.432968,0.0,0.0,0.0,0.0,0.0,0.0,35.5832825
A00002,dep,1,BICYCLE,7.98875,28.716666666666665,51.4899267,5.3659198,51.4998731,5.4332325,2025-05-17T14:42:17+02:00,2025-05-17T15:11:00+02:00,,,,,,,,,,,,,,,,,,,,,,,,,,,,,,,,,,,,,,,,,,,,,,,,,,,,,,,,,,,,,,,,,,,,,,,,,,,,,,,,,,28.716666666666665,7.98875,,,,,,,,,,,,,,,,,,,,,,,,,,,,,,,,,,,,,,,,,,,,,,0.0,0.0,0.0,0.0,0.0,0.0,0.0,0.0,0.0,0.0,0.0,0.0,0.0,0.0,0.0,0.0,0.0,0.0,0.0,0.0,0.0,0.0,0.0,0.0,0.0,0.0,0.0,0.0,0.0,0.0,0.0,0.0
A00003,dep,1,BICYCLE,4.92878,19.516666666666666,51.5080511,5.3882542,51.4998731,5.4332325,2025-05-17T14:42:29+02:00,2025-05-17T15:02:00+02:00,,,,,,,,,,,,,,,,,,,,,,,,,,,,,,,,,,,,,,,,,,,,,,,,,,,,,,,,,,,,,,,,,,,,,,,,,,,,,,,,,,19.516666666666666,4.92878,,,,,,,,,,,,,,,,,,,,,,,,,,,,,,,,,,,,,,,,,,,,,,0.0,0.0,0.0,0.0,0.0,0.0,0.0,0.0,0.0,0.0,0.0,0.0,0.0,0.0,0.0,0.0,0.0,0.0,0.0,0.0,0.0,0.0,0.0,0.0,0.0,0.0,0.0,0.0,0.0,0.0,0.0,0.0
A00004,dep,1,BICYCLE,39.788940000000004,139.98333333333332,51.6183551,5.0057386,51.4998731,5.4332325,2025-05-17T11:47:01+02:00,2025-05-17T14:07:00+02:00,,,,,,,,,,,,,,,,,,,,,,,,,,,,,,,,,,,,,,,,,,,,,,,,,,,,,,,,,,,,,,,,,,,,,,,,,,,,,,,,,,139.98333333333332,39.788940000000004,,,,,,,,,,,,,,,,,,,,,,,,,,,,,,,,,,,,,,,,,,,,,,0.0,0.0,0.0,0.0,0.0,0.0,0.0,0.0,0.0,0.0,0.0,0.0,0.0,0.0,0.0,0.0,0.0,0.0,0.0,0.0,0.0,0.0,0.0,0.0,0.0,0.0,0.0,0.0,0.0,0.0,0.0,0.0
A00005,dep,1,BICYCLE,19.55435,69.56666666666666,51.4368308,5.5873893,51.4998731,5.4332325,2025-05-17T15:55:26+02:00,2025-05-17T17:05:00+02:00,,,,,,,,,,,,,,,,,,,,,,,,,,,,,,,,,,,,,,,,,,,,,,,,,,,,,,,,,,,,,,,,,,,,,,,,,,,,,,,,,,69.56666666666666,19.55435,,,,,,,,,,,,,,,,,,,,,,,,,,,,,,,,,,,,,,,,,,,,,,0.0,0.0,0.0,0.0,0.0,0.0,0.0,0.0,0.0,0.0,0.0,0.0,0.0,0.0,0.0,0.0,0.0,0.0,0.0,0.0,0.0,0.0,0.0,0.0,0.0,0.0,0.0,0.0,0.0,0.0,0.0,0.0
A00006,dep,2,WALK,3.16996,40.166666666666664,52.9327723,7.0645499,52.916432,7.046773,2025-05-17T09:35:50+02:00,2025-05-17T10:16:00+02:00,BUS,23.83685,40.0,52.916432,7.046773,52.790529,6.899125,2025-05-17T10:16:00+02:00,2025-05-17T10:56:00+02:00,WALK,0.18806,2.8666666666666667,52.790529,6.899125,52.7906207,6.8998057,2025-05-17T10:56:00+02:00,2025-05-17T10:58:52+02:00,RAIL,75.00341,53.0,52.7906207,6.8998057,52.5047655,6.0932153,2025-05-17T11:15:00+02:00,2025-05-17T12:08:00+02:00,WALK,0.16293000000000002,2.45,52.5047655,6.0932153,52.504903,6.0914218,2025-05-17T12:08:00+02:00,2025-05-17T12:10:27+02:00,RAIL,87.86362,50.0,52.504903,6.0914218,52.0899869,5.109934,2025-05-17T12:19:00+02:00,2025-05-17T13:09:00+02:00,WALK,0.19712000000000002,2.933333333333333,52.0899869,5.109934,52.0896856,5.1090611,2025-05-17T13:09:00+02:00,2025-05-17T13:11:56+02:00,RAIL,80.00296,49.0,52.0896856,5.1090611,51.4429706,5.4804289,2025-05-17T13:24:00+02:00,2025-05-17T14:13:00+02:00,WALK,0.45775,6.15,51.4429706,5.4804289,51.443663,5.478553,2025-05-17T14:13:00+02:00,2025-05-17T14:19:09+02:00,BUS,7.16484,17.0,51.443663,5.478553,51.497783,5.453287,2025-05-17T14:25:00+02:00,2025-05-17T14:42:00+02:00,294.33333333333326,280.44648,WALK,2.39898,30.766666666666666,51.497783,5.453287,51.4998731,5.4332325,2025-05-17T14:42:00+02:00,2025-05-17T15:12:46+02:00,,,,,,,,,,,,,,,,,,,,,,,,,,,,,,,,,,,,,0.0,2502.8692499999997,0.0,3075.13981,0.0,3602.4084199999998,0.0,3280.12136,0.0,752.3081999999999,0.0,0.0,0.0,0.0,0.0,13212.84704,0.0,4.76737,0.0,11.2505115,0.0,13.179542999999999,0.0,12.000444,0.0,1.432968,0.0,0.0,0.0,0.0,0.0,42.6308365
A00007,dep,1,BICYCLE,3.4557800000000003,13.083333333333334,51.4879829,5.4418452,51.4998731,5.4332325,2025-05-17T15:33:55+02:00,2025-05-17T15:47:00+02:00,,,,,,,,,,,,,,,,,,,,,,,,,,,,,,,,,,,,,,,,,,,,,,,,,,,,,,,,,,,,,,,,,,,,,,,,,,,,,,,,,,13.083333333333334,3.4557800000000003,,,,,,,,,,,,,,,,,,,,,,,,,,,,,,,,,,,,,,,,,,,,,,0.0,0.0,0.0,0.0,0.0,0.0,0.0,0.0,0.0,0.0,0.0,0.0,0.0,0.0,0.0,0.0,0.0,0.0,0.0,0.0,0.0,0.0,0.0,0.0,0.0,0.0,0.0,0.0,0.0,0.0,0.0,0.0
A00008,dep,4,WALK,2.27567,29.7,52.21884,6.8598147,52.2222986,6.8895811,2025-05-17T09:15:18+02:00,2025-05-17T09:45:00+02:00,RAIL,140.78885,98.0,52.2222986,6.8895811,52.0899869,5.109934,2025-05-17T09:45:00+02:00,2025-05-17T11:23:00+02:00,WALK,0.19712000000000002,2.933333333333333,52.0899869,5.109934,52.0896856,5.1090611,2025-05-17T11:23:00+02:00,2025-05-17T11:25:56+02:00,RAIL,80.00296,47.0,52.0896856,5.1090611,51.4428473,5.4804826,2025-05-17T11:39:00+02:00,2025-05-17T12:26:00+02:00,WALK,0.45792,6.15,51.4428473,5.4804826,51.443663,5.478553,2025-05-17T12:26:00+02:00,2025-05-17T12:32:09+02:00,BUS,7.16484,17.0,51.443663,5.478553,51.497783,5.453287,2025-05-17T12:40:00+02:00,2025-05-17T12:57:00+02:00,WALK,2.39898,30.766666666666666,51.497783,5.453287,51.4998731,5.4332325,2025-05-17T12:57:00+02:00,2025-05-17T13:27:46+02:00,,,,,,,,,,,,,,,,,,,,,,,,,,,,231.55,233.28634,,,,,,,,,,,,,,,,,,,,,,,,,,,,,,,,,,,,,,,,,,,,,,0.0,5772.34285,0.0,3280.12136,0.0,752.3081999999999,0.0,0.0,0.0,0.0,0.0,0.0,0.0,0.0,0.0,9804.77241,0.0,21.1183275,0.0,12.000444,0.0,1.432968,0.0,0.0,0.0,0.0,0.0,0.0,0.0,0.0,0.0,34.551739500000004
A00009,dep,1,BICYCLE,14.555549999999998,52.583333333333336,51.4251121,5.5362239,51.4998731,5.4332325,2025-05-17T15:37:25+02:00,2025-05-17T16:30:00+02:00,,,,,,,,,,,,,,,,,,,,,,,,,,,,,,,,,,,,,,,,,,,,,,,,,,,,,,,,,,,,,,,,,,,,,,,,,,,,,,,,,,52.583333333333336,14.555549999999998,,,,,,,,,,,,,,,,,,,,,,,,,,,,,,,,,,,,,,,,,,,,,,0.0,0.0,0.0,0.0,0.0,0.0,0.0,0.0,0.0,0.0,0.0,0.0,0.0,0.0,0.0,0.0,0.0,0.0,0.0,0.0,0.0,0.0,0.0,0.0,0.0,0.0,0.0,0.0,0.0,0.0,0.0,0.0
A00010,dep,1,BICYCLE,13.79461,48.7,51.4149054,5.4054042,51.4998731,5.4332325,2025-05-17T14:00:18+02:00,2025-05-17T14:49:00+02:00,,,,,,,,,,,,,,,,,,,,,,,,,,,,,,,,,,,,,,,,,,,,,,,,,,,,,,,,,,,,,,,,,,,,,,,,,,,,,,,,,,48.7,13.79461,,,,,,,,,,,,,,,,,,,,,,,,,,,,,,,,,,,,,,,,,,,,,,0.0,0.0,0.0,0.0,0.0,0.0,0.0,0.0,0.0,0.0,0.0,0.0,0.0,0.0,0.0,0.0,0.0,0.0,0.0,0.0,0.0,0.0,0.0,0.0,0.0,0.0,0.0,0.0,0.0,0.0,0.0,0.0
A00011,dep,1,BICYCLE,8.430719999999999,30.066666666666666,51.4560907,5.4167811,51.4998731,5.4332325,2025-05-17T19:36:56+02:00,2025-05-17T20:07:00+02:00,,,,,,,,,,,,,,,,,,,,,,,,,,,,,,,,,,,,,,,,,,,,,,,,,,,,,,,,,,,,,,,,,,,,,,,,,,,,,,,,,,30.066666666666666,8.430719999999999,,,,,,,,,,,,,,,,,,,,,,,,,,,,,,,,,,,,,,,,,,,,,,0.0,0.0,0.0,0.0,0.0,0.0,0.0,0.0,0.0,0.0,0.0,0.0,0.0,0.0,0.0,0.0,0.0,0.0,0.0,0.0,0.0,0.0,0.0,0.0,0.0,0.0,0.0,0.0,0.0,0.0,0.0,0.0
A00012,dep,1,WALK,2.51409,32.36666666666667,52.0004231,4.6561271,52.006092,4.675334,2025-05-17T14:02:38+02:00,2025-05-17T14:35:00+02:00,BUS,4.41877,17.0,52.006092,4.675334,52.016861,4.707275,2025-05-17T14:35:00+02:00,2025-05-17T14:52:00+02:00,WALK,0.16418000000000002,2.9833333333333334,52.016861,4.707275,52.0172917,4.7056782,2025-05-17T14:52:00+02:00,2025-05-17T14:54:59+02:00,RAIL,32.298880000000004,18.0,52.0172917,4.7056782,52.0898433,5.1095008,2025-05-17T14:59:00+02:00,2025-05-17T15:17:00+02:00,WALK,0.17565999999999998,2.6666666666666665,52.0898433,5.1095008,52.0896856,5.1090611,2025-05-17T15:17:00+02:00,2025-05-17T15:19:40+02:00,RAIL,80.00296,49.0,52.0896856,5.1090611,51.4429706,5.4804289,2025-05-17T15:24:00+02:00,2025-05-17T16:13:00+02:00,WALK,0.45775,6.15,51.4429706,5.4804289,51.443663,5.478553,2025-05-17T16:13:00+02:00,2025-05-17T16:19:09+02:00,BUS,7.16484,17.0,51.443663,5.478553,51.497783,5.453287,2025-05-17T16:25:00+02:00,2025-05-17T16:42:00+02:00,WALK,2.39898,30.766666666666666,51.497783,5.453287,51.4998731,5.4332325,2025-05-17T16:42:00+02:00,2025-05-17T17:12:46+02:00,,,,,,,,,,175.93333333333334,129.59611,,,,,,,,,,,,,,,,,,,,,,,,,,,,,,,,,,,,,,,,,,,,,,0.0,463.97085000000004,0.0,1324.2540800000002,0.0,3280.12136,0.0,752.3081999999999,0.0,0.0,0.0,0.0,0.0,0.0,0.0,5820.654490000001,0.0,0.8837540000000002,0.0,4.844832,0.0,12.000444,0.0,1.432968,0.0,0.0,0.0,0.0,0.0,0.0,0.0,19.161998
A00013,dep,1,CAR,111.43521000000001,75.93333333333334,51.5856561,4.163407,51.4998731,5.4332325,2025-05-17T15:35:04+02:00,2025-05-17T16:51:00+02:00,,,,,,,,,,,,,,,,,,,,,,,,,,,,,,,,,,,,,,,,,,,,,,,,,,,,,,,,,,,,,,,,,,,,,,,,,,,,,,,,,,75.93333333333334,111.43521000000001,,,,,,,,,,,,,,,,,,,,,,,,,,,,,,,,,,,,,,,,,,,,,,21395.560320000004,0.0,0.0,0.0,0.0,0.0,0.0,0.0,0.0,0.0,0.0,0.0,0.0,0.0,0.0,21395.560320000004,47.359964250000004,0.0,0.0,0.0,0.0,0.0,0.0,0.0,0.0,0.0,0.0,0.0,0.0,0.0,0.0,47.359964250000004
A00014,dep,1,BICYCLE,62.97385,219.45,51.8944786,5.6570109,51.4998731,5.4332325,2025-05-17T12:37:33+02:00,2025-05-17T16:17:00+02:00,,,,,,,,,,,,,,,,,,,,,,,,,,,,,,,,,,,,,,,,,,,,,,,,,,,,,,,,,,,,,,,,,,,,,,,,,,,,,,,,,,219.45,62.97385,,,,,,,,,,,,,,,,,,,,,,,,,,,,,,,,,,,,,,,,,,,,,,0.0,0.0,0.0,0.0,0.0,0.0,0.0,0.0,0.0,0.0,0.0,0.0,0.0,0.0,0.0,0.0,0.0,0.0,0.0,0.0,0.0,0.0,0.0,0.0,0.0,0.0,0.0,0.0,0.0,0.0,0.0,0.0
A00015,dep,1,WALK,1.13061,14.883333333333333,53.0207701,5.6428768,53.018453,5.654757,2025-05-17T08:51:07+02:00,2025-05-17T09:06:00+02:00,BUS,25.05696,23.0,53.018453,5.654757,52.960599,5.916883,2025-05-17T09:06:00+02:00,2025-05-17T09:29:00+02:00,WALK,0.13393,2.05,52.960599,5.916883,52.960715,5.9153277,2025-05-17T09:29:00+02:00,2025-05-17T09:31:03+02:00,RAIL,152.53244,96.0,52.960715,5.9153277,52.0899869,5.109934,2025-05-17T10:03:00+02:00,2025-05-17T11:39:00+02:00,WALK,0.19712000000000002,2.933333333333333,52.0899869,5.109934,52.0896856,5.1090611,2025-05-17T11:39:00+02:00,2025-05-17T11:41:56+02:00,RAIL,80.00296,49.0,52.0896856,5.1090611,51.4429706,5.4804289,2025-05-17T11:54:00+02:00,2025-05-17T12:43:00+02:00,WALK,0.45775,6.15,51.4429706,5.4804289,51.443663,5.478553,2025-05-17T12:43:00+02:00,2025-05-17T12:49:09+02:00,BUS,7.16484,17.0,51.443663,5.478553,51.497783,5.453287,2025-05-17T12:55:00+02:00,2025-05-17T13:12:00+02:00,WALK,2.39898,30.766666666666666,51.497783,5.453287,51.4998731,5.4332325,2025-05-17T13:12:00+02:00,2025-05-17T13:42:46+02:00,,,,,,,,,,241.78333333333336,269.07559000000003,,,,,,,,,,,,,,,,,,,,,,,,,,,,,,,,,,,,,,,,,,,,,,0.0,2630.9808,0.0,6253.830040000001,0.0,3280.12136,0.0,752.3081999999999,0.0,0.0,0.0,0.0,0.0,0.0,0.0,12917.240399999999,0.0,5.011392000000001,0.0,22.879866,0.0,12.000444,0.0,1.432968,0.0,0.0,0.0,0.0,0.0,0.0,0.0,41.324670000000005
A00016,dep,1,BICYCLE,31.84351,112.66666666666667,51.7049486,5.3440263,51.4998731,5.4332325,2025-05-17T11:24:20+02:00,2025-05-17T13:17:00+02:00,,,,,,,,,,,,,,,,,,,,,,,,,,,,,,,,,,,,,,,,,,,,,,,,,,,,,,,,,,,,,,,,,,,,,,,,,,,,,,,,,,112.66666666666667,31.84351,,,,,,,,,,,,,,,,,,,,,,,,,,,,,,,,,,,,,,,,,,,,,,0.0,0.0,0.0,0.0,0.0,0.0,0.0,0.0,0.0,0.0,0.0,0.0,0.0,0.0,0.0,0.0,0.0,0.0,0.0,0.0,0.0,0.0,0.0,0.0,0.0,0.0,0.0,0.0,0.0,0.0,0.0,0.0
A00017,dep,1,BICYCLE,51.90176,180.5,51.5634288,4.7997394,51.4998731,5.4332325,2025-05-17T13:55:30+02:00,2025-05-17T16:56:00+02:00,,,,,,,,,,,,,,,,,,,,,,,,,,,,,,,,,,,,,,,,,,,,,,,,,,,,,,,,,,,,,,,,,,,,,,,,,,,,,,,,,,180.5,51.90176,,,,,,,,,,,,,,,,,,,,,,,,,,,,,,,,,,,,,,,,,,,,,,0.0,0.0,0.0,0.0,0.0,0.0,0.0,0.0,0.0,0.0,0.0,0.0,0.0,0.0,0.0,0.0,0.0,0.0,0.0,0.0,0.0,0.0,0.0,0.0,0.0,0.0,0.0,0.0,0.0,0.0,0.0,0.0
A00018,dep,1,BICYCLE,12.8062,46.666666666666664,51.4665355,5.5574775,51.4998731,5.4332325,2025-05-17T17:00:20+02:00,2025-05-17T17:47:00+02:00,,,,,,,,,,,,,,,,,,,,,,,,,,,,,,,,,,,,,,,,,,,,,,,,,,,,,,,,,,,,,,,,,,,,,,,,,,,,,,,,,,46.666666666666664,12.8062,,,,,,,,,,,,,,,,,,,,,,,,,,,,,,,,,,,,,,,,,,,,,,0.0,0.0,0.0,0.0,0.0,0.0,0.0,0.0,0.0,0.0,0.0,0.0,0.0,0.0,0.0,0.0,0.0,0.0,0.0,0.0,0.0,0.0,0.0,0.0,0.0,0.0,0.0,0.0,0.0,0.0,0.0,0.0
A00019,dep,1,BICYCLE,60.19392,206.58333333333334,51.3839796,6.1413704,51.4998731,5.4332325,2025-05-17T12:00:25+02:00,2025-05-17T15:27:00+02:00,,,,,,,,,,,,,,,,,,,,,,,,,,,,,,,,,,,,,,,,,,,,,,,,,,,,,,,,,,,,,,,,,,,,,,,,,,,,,,,,,,206.58333333333334,60.19392,,,,,,,,,,,,,,,,,,,,,,,,,,,,,,,,,,,,,,,,,,,,,,0.0,0.0,0.0,0.0,0.0,0.0,0.0,0.0,0.0,0.0,0.0,0.0,0.0,0.0,0.0,0.0,0.0,0.0,0.0,0.0,0.0,0.0,0.0,0.0,0.0,0.0,0.0,0.0,0.0,0.0,0.0,0.0
A00020,dep,1,BICYCLE,2.47775,9.716666666666667,51.4972196,5.4059842,51.4998731,5.4332325,2025-05-17T12:51:17+02:00,2025-05-17T13:01:00+02:00,,,,,,,,,,,,,,,,,,,,,,,,,,,,,,,,,,,,,,,,,,,,,,,,,,,,,,,,,,,,,,,,,,,,,,,,,,,,,,,,,,9.716666666666667,2.47775,,,,,,,,,,,,,,,,,,,,,,,,,,,,,,,,,,,,,,,,,,,,,,0.0,0.0,0.0,0.0,0.0,0.0,0.0,0.0,0.0,0.0,0.0,0.0,0.0,0.0,0.0,0.0,0.0,0.0,0.0,0.0,0.0,0.0,0.0,0.0,0.0,0.0,0.0,0.0,0.0,0.0,0.0,0.0
A00021,dep,2,WALK,3.2356599999999998,41.05,52.3170865,5.9358894,52.315984,5.975293,2025-05-17T09:26:57+02:00,2025-05-17T10:08:00+02:00,BUS,14.68591,29.0,52.315984,5.975293,52.209554,5.97061,2025-05-17T10:08:00+02:00,2025-05-17T10:37:00+02:00,WALK,0.09669,1.4833333333333334,52.209554,5.97061,52.209441,5.9693366,2025-05-17T10:37:00+02:00,2025-05-17T10:38:29+02:00,RAIL,64.69368,39.0,52.209441,5.9693366,52.0899869,5.109934,2025-05-17T10:44:00+02:00,2025-05-17T11:23:00+02:00,WALK,0.19712000000000002,2.933333333333333,52.0899869,5.109934,52.0896856,5.1090611,2025-05-17T11:23:00+02:00,2025-05-17T11:25:56+02:00,RAIL,80.00296,47.0,52.0896856,5.1090611,51.4428473,5.4804826,2025-05-17T11:39:00+02:00,2025-05-17T12:26:00+02:00,WALK,0.45792,6.15,51.4428473,5.4804826,51.443663,5.478553,2025-05-17T12:26:00+02:00,2025-05-17T12:32:09+02:00,BUS,7.16484,17.0,51.443663,5.478553,51.497783,5.453287,2025-05-17T12:40:00+02:00,2025-05-17T12:57:00+02:00,WALK,2.39898,30.766666666666666,51.497783,5.453287,51.4998731,5.4332325,2025-05-17T12:57:00+02:00,2025-05-17T13:27:46+02:00,,,,,,,,,,214.38333333333333,172.93375999999998,,,,,,,,,,,,,,,,,,,,,,,,,,,,,,,,,,,,,,,,,,,,,,0.0,1542.02055,0.0,2652.44088,0.0,3280.12136,0.0,752.3081999999999,0.0,0.0,0.0,0.0,0.0,0.0,0.0,8226.89099,0.0,2.937182,0.0,9.704051999999999,0.0,12.000444,0.0,1.432968,0.0,0.0,0.0,0.0,0.0,0.0,0.0,26.074645999999998
A00022,dep,2,WALK,1.35192,17.283333333333335,53.1702952,5.5009113,53.166228,5.518932,2025-05-17T13:42:43+02:00,2025-05-17T14:00:00+02:00,BUS,4.305470000000001,15.0,53.166228,5.518932,53.182555,5.549158,2025-05-17T14:00:00+02:00,2025-05-17T14:15:00+02:00,WALK,0.07976000000000001,1.25,53.182555,5.549158,53.1823893,5.550035,2025-05-17T14:15:00+02:00,2025-05-17T14:16:15+02:00,RAIL,16.676299999999998,17.0,53.1823893,5.550035,53.1961713,5.7914146,2025-05-17T14:23:00+02:00,2025-05-17T14:40:00+02:00,WALK,0.17877,2.5833333333333335,53.1961713,5.7914146,53.1959534,5.7914697,2025-05-17T14:40:00+02:00,2025-05-17T14:42:35+02:00,RAIL,181.57776,113.0,53.1959534,5.7914697,52.0899869,5.109934,2025-05-17T14:46:00+02:00,2025-05-17T16:39:00+02:00,WALK,0.19712000000000002,2.933333333333333,52.0899869,5.109934,52.0896856,5.1090611,2025-05-17T16:39:00+02:00,2025-05-17T16:41:56+02:00,RAIL,80.00296,49.0,52.0896856,5.1090611,51.4429706,5.4804289,2025-05-17T16:54:00+02:00,2025-05-17T17:43:00+02:00,WALK,0.45775,6.15,51.4429706,5.4804289,51.443663,5.478553,2025-05-17T17:43:00+02:00,2025-05-17T17:49:09+02:00,BUS,7.16484,17.0,51.443663,5.478553,51.497783,5.453287,2025-05-17T17:55:00+02:00,2025-05-17T18:12:00+02:00,271.9666666666667,294.39163,WALK,2.39898,30.766666666666666,51.497783,5.453287,51.4998731,5.4332325,2025-05-17T18:12:00+02:00,2025-05-17T18:42:46+02:00,,,,,,,,,,,,,,,,,,,,,,,,,,,,,,,,,,,,,0.0,452.07435000000004,0.0,683.7282999999999,0.0,7444.688160000001,0.0,3280.12136,0.0,752.3081999999999,0.0,0.0,0.0,0.0,0.0,12612.92037,0.0,0.8610940000000001,0.0,2.5014449999999995,0.0,27.236664,0.0,12.000444,0.0,1.432968,0.0,0.0,0.0,0.0,0.0,44.032615
A00023,dep,1,WALK,0.59397,7.65,51.8033471,3.9413564,51.807858,3.941818,2025-05-17T08:39:21+02:00,2025-05-17T08:47:00+02:00,BUS,36.38925,54.0,51.807858,3.941818,51.845774,4.333498,2025-05-17T08:47:00+02:00,2025-05-17T09:41:00+02:00,WALK,0.16061,4.383333333333334,51.845774,4.333498,51.846719,4.334666,2025-05-17T09:41:00+02:00,2025-05-17T09:45:23+02:00,SUBWAY,17.57747,29.75,51.846719,4.334666,51.923953,4.469997,2025-05-17T09:55:15+02:00,2025-05-17T10:25:00+02:00,WALK,0.17991,5.05,51.923953,4.469997,51.924668,4.4686943,2025-05-17T10:25:00+02:00,2025-05-17T10:30:03+02:00,RAIL,103.88054,62.0,51.924668,4.4686943,51.4428473,5.4804826,2025-05-17T10:44:00+02:00,2025-05-17T11:46:00+02:00,WALK,0.45792,6.15,51.4428473,5.4804826,51.443663,5.478553,2025-05-17T11:46:00+02:00,2025-05-17T11:52:09+02:00,BUS,7.16484,17.0,51.443663,5.478553,51.497783,5.453287,2025-05-17T11:55:00+02:00,2025-05-17T12:12:00+02:00,WALK,2.39898,30.766666666666666,51.497783,5.453287,51.4998731,5.4332325,2025-05-17T12:12:00+02:00,2025-05-17T12:42:46+02:00,,,,,,,,,,216.75,168.80348999999998,,,,,,,,,,,,,,,,,,,,,,,,,,,,,,,,,,,,,,,,,,,,,,0.0,3820.8712499999997,0.0,1230.4229,0.0,4259.10214,0.0,752.3081999999999,0.0,0.0,0.0,0.0,0.0,0.0,0.0,10062.70449,0.0,7.27785,0.0,3.5154940000000003,0.0,15.582080999999999,0.0,1.432968,0.0,0.0,0.0,0.0,0.0,0.0,0.0,27.808393
A00024,dep,1,BICYCLE,29.067619999999998,103.76666666666667,51.5709406,5.1019277,51.4998731,5.4332325,2025-05-17T12:33:14+02:00,2025-05-17T14:17:00+02:00,,,,,,,,,,,,,,,,,,,,,,,,,,,,,,,,,,,,,,,,,,,,,,,,,,,,,,,,,,,,,,,,,,,,,,,,,,,,,,,,,,103.76666666666667,29.067619999999998,,,,,,,,,,,,,,,,,,,,,,,,,,,,,,,,,,,,,,,,,,,,,,0.0,0.0,0.0,0.0,0.0,0.0,0.0,0.0,0.0,0.0,0.0,0.0,0.0,0.0,0.0,0.0,0.0,0.0,0.0,0.0,0.0,0.0,0.0,0.0,0.0,0.0,0.0,0.0,0.0,0.0,0.0,0.0
A00025,dep,1,CAR,109.85198,74.43333333333334,52.1848036,5.8672702,51.4998731,5.4332325,2025-05-17T16:14:34+02:00,2025-05-17T17:29:00+02:00,,,,,,,,,,,,,,,,,,,,,,,,,,,,,,,,,,,,,,,,,,,,,,,,,,,,,,,,,,,,,,,,,,,,,,,,,,,,,,,,,,74.43333333333334,109.85198,,,,,,,,,,,,,,,,,,,,,,,,,,,,,,,,,,,,,,,,,,,,,,21091.580159999998,0.0,0.0,0.0,0.0,0.0,0.0,0.0,0.0,0.0,0.0,0.0,0.0,0.0,0.0,21091.580159999998,46.6870915,0.0,0.0,0.0,0.0,0.0,0.0,0.0,0.0,0.0,0.0,0.0,0.0,0.0,0.0,46.6870915
A00026,dep,1,WALK,1.2099300000000002,15.316666666666666,52.5894025,6.4388108,52.597906,6.440952,2025-05-17T15:10:32+02:00,2025-05-17T15:25:51+02:00,BUS,33.497620000000005,48.15,52.597906,6.440952,52.504301,6.091134,2025-05-17T15:25:51+02:00,2025-05-17T16:14:00+02:00,WALK,0.4511,6.5,52.504301,6.091134,52.504903,6.0914218,2025-05-17T16:14:00+02:00,2025-05-17T16:20:30+02:00,RAIL,87.86362,50.0,52.504903,6.0914218,52.0899869,5.109934,2025-05-17T16:49:00+02:00,2025-05-17T17:39:00+02:00,WALK,0.19712000000000002,2.933333333333333,52.0899869,5.109934,52.0896856,5.1090611,2025-05-17T17:39:00+02:00,2025-05-17T17:41:56+02:00,RAIL,80.00296,49.0,52.0896856,5.1090611,51.4429706,5.4804289,2025-05-17T17:54:00+02:00,2025-05-17T18:43:00+02:00,WALK,0.45775,6.15,51.4429706,5.4804289,51.443663,5.478553,2025-05-17T18:43:00+02:00,2025-05-17T18:49:09+02:00,BUS,7.16484,17.0,51.443663,5.478553,51.497783,5.453287,2025-05-17T18:55:00+02:00,2025-05-17T19:12:00+02:00,WALK,2.39898,30.766666666666666,51.497783,5.453287,51.4998731,5.4332325,2025-05-17T19:12:00+02:00,2025-05-17T19:42:46+02:00,,,,,,,,,,225.81666666666666,213.24392,,,,,,,,,,,,,,,,,,,,,,,,,,,,,,,,,,,,,,,,,,,,,,0.0,3517.2501000000007,0.0,3602.4084199999998,0.0,3280.12136,0.0,752.3081999999999,0.0,0.0,0.0,0.0,0.0,0.0,0.0,11152.088080000001,0.0,6.699524000000001,0.0,13.179542999999999,0.0,12.000444,0.0,1.432968,0.0,0.0,0.0,0.0,0.0,0.0,0.0,33.312479
A00027,dep,1,BICYCLE,10.87344,40.56666666666667,51.4333557,5.4196229,51.4998731,5.4332325,2025-05-17T13:06:26+02:00,2025-05-17T13:47:00+02:00,,,,,,,,,,,,,,,,,,,,,,,,,,,,,,,,,,,,,,,,,,,,,,,,,,,,,,,,,,,,,,,,,,,,,,,,,,,,,,,,,,40.56666666666667,10.87344,,,,,,,,,,,,,,,,,,,,,,,,,,,,,,,,,,,,,,,,,,,,,,0.0,0.0,0.0,0.0,0.0,0.0,0.0,0.0,0.0,0.0,0.0,0.0,0.0,0.0,0.0,0.0,0.0,0.0,0.0,0.0,0.0,0.0,0.0,0.0,0.0,0.0,0.0,0.0,0.0,0.0,0.0,0.0
A00028,dep,1,WALK,3.54948,45.0,52.7414988,6.6027569,52.722038,6.61606,2025-05-17T13:49:00+02:00,2025-05-17T14:34:00+02:00,BUS,11.59759,22.0,52.722038,6.61606,52.732737,6.473934,2025-05-17T14:34:00+02:00,2025-05-17T14:56:00+02:00,WALK,0.37422000000000005,7.333333333333333,52.732737,6.473934,52.7336107,6.4727076,2025-05-17T14:56:00+02:00,2025-05-17T15:03:20+02:00,RAIL,47.281279999999995,27.0,52.7336107,6.4727076,52.504615,6.0930512,2025-05-17T15:10:00+02:00,2025-05-17T15:37:00+02:00,WALK,0.14239,2.066666666666667,52.504615,6.0930512,52.504903,6.0914218,2025-05-17T15:37:00+02:00,2025-05-17T15:39:04+02:00,RAIL,87.86362,50.0,52.504903,6.0914218,52.0899869,5.109934,2025-05-17T15:49:00+02:00,2025-05-17T16:39:00+02:00,WALK,0.19712000000000002,2.933333333333333,52.0899869,5.109934,52.0896856,5.1090611,2025-05-17T16:39:00+02:00,2025-05-17T16:41:56+02:00,RAIL,80.00296,49.0,52.0896856,5.1090611,51.4429706,5.4804289,2025-05-17T16:54:00+02:00,2025-05-17T17:43:00+02:00,WALK,0.45775,6.15,51.4429706,5.4804289,51.443663,5.478553,2025-05-17T17:43:00+02:00,2025-05-17T17:49:09+02:00,BUS,7.16484,17.0,51.443663,5.478553,51.497783,5.453287,2025-05-17T17:55:00+02:00,2025-05-17T18:12:00+02:00,259.25,241.03023000000002,WALK,2.39898,30.766666666666666,51.497783,5.453287,51.4998731,5.4332325,2025-05-17T18:12:00+02:00,2025-05-17T18:42:46+02:00,,,,,,,,,,,,,,,,,,,,,,,,,,,,,,,,,,,,,0.0,1217.74695,0.0,1938.5324799999999,0.0,3602.4084199999998,0.0,3280.12136,0.0,752.3081999999999,0.0,0.0,0.0,0.0,0.0,10791.117409999999,0.0,2.319518,0.0,7.092191999999999,0.0,13.179542999999999,0.0,12.000444,0.0,1.432968,0.0,0.0,0.0,0.0,0.0,36.024665
A00029,dep,1,BICYCLE,41.19565,145.0,51.7648062,5.4919403,51.4998731,5.4332325,2025-05-17T12:30:00+02:00,2025-05-17T14:55:00+02:00,,,,,,,,,,,,,,,,,,,,,,,,,,,,,,,,,,,,,,,,,,,,,,,,,,,,,,,,,,,,,,,,,,,,,,,,,,,,,,,,,,145.0,41.19565,,,,,,,,,,,,,,,,,,,,,,,,,,,,,,,,,,,,,,,,,,,,,,0.0,0.0,0.0,0.0,0.0,0.0,0.0,0.0,0.0,0.0,0.0,0.0,0.0,0.0,0.0,0.0,0.0,0.0,0.0,0.0,0.0,0.0,0.0,0.0,0.0,0.0,0.0,0.0,0.0,0.0,0.0,0.0
A00030,dep,1,BICYCLE,10.01583,35.43333333333333,51.4429787,5.4062743,51.4998731,5.4332325,2025-05-17T13:47:34+02:00,2025-05-17T14:23:00+02:00,,,,,,,,,,,,,,,,,,,,,,,,,,,,,,,,,,,,,,,,,,,,,,,,,,,,,,,,,,,,,,,,,,,,,,,,,,,,,,,,,,35.43333333333333,10.01583,,,,,,,,,,,,,,,,,,,,,,,,,,,,,,,,,,,,,,,,,,,,,,0.0,0.0,0.0,0.0,0.0,0.0,0.0,0.0,0.0,0.0,0.0,0.0,0.0,0.0,0.0,0.0,0.0,0.0,0.0,0.0,0.0,0.0,0.0,0.0,0.0,0.0,0.0,0.0,0.0,0.0,0.0,0.0
A00031,dep,1,BICYCLE,11.41948,41.2,51.4357809,5.50231,51.4998731,5.4332325,2025-05-17T14:55:48+02:00,2025-05-17T15:37:00+02:00,,,,,,,,,,,,,,,,,,,,,,,,,,,,,,,,,,,,,,,,,,,,,,,,,,,,,,,,,,,,,,,,,,,,,,,,,,,,,,,,,,41.2,11.41948,,,,,,,,,,,,,,,,,,,,,,,,,,,,,,,,,,,,,,,,,,,,,,0.0,0.0,0.0,0.0,0.0,0.0,0.0,0.0,0.0,0.0,0.0,0.0,0.0,0.0,0.0,0.0,0.0,0.0,0.0,0.0,0.0,0.0,0.0,0.0,0.0,0.0,0.0,0.0,0.0,0.0,0.0,0.0
A00032,dep,1,BICYCLE,2.7583699999999998,11.233333333333333,51.5067963,5.4235058,51.4998731,5.4332325,2025-05-17T17:06:46+02:00,2025-05-17T17:18:00+02:00,,,,,,,,,,,,,,,,,,,,,,,,,,,,,,,,,,,,,,,,,,,,,,,,,,,,,,,,,,,,,,,,,,,,,,,,,,,,,,,,,,11.233333333333333,2.7583699999999998,,,,,,,,,,,,,,,,,,,,,,,,,,,,,,,,,,,,,,,,,,,,,,0.0,0.0,0.0,0.0,0.0,0.0,0.0,0.0,0.0,0.0,0.0,0.0,0.0,0.0,0.0,0.0,0.0,0.0,0.0,0.0,0.0,0.0,0.0,0.0,0.0,0.0,0.0,0.0,0.0,0.0,0.0,0.0
A00033,dep,1,BICYCLE,24.82804,86.63333333333334,51.6535509,5.2936058,51.4998731,5.4332325,2025-05-17T13:04:22+02:00,2025-05-17T14:31:00+02:00,,,,,,,,,,,,,,,,,,,,,,,,,,,,,,,,,,,,,,,,,,,,,,,,,,,,,,,,,,,,,,,,,,,,,,,,,,,,,,,,,,86.63333333333334,24.82804,,,,,,,,,,,,,,,,,,,,,,,,,,,,,,,,,,,,,,,,,,,,,,0.0,0.0,0.0,0.0,0.0,0.0,0.0,0.0,0.0,0.0,0.0,0.0,0.0,0.0,0.0,0.0,0.0,0.0,0.0,0.0,0.0,0.0,0.0,0.0,0.0,0.0,0.0,0.0,0.0,0.0,0.0,0.0
A00034,dep,2,WALK,2.89378,37.31666666666667,53.1718059,5.5779216,53.1823893,5.550035,2025-05-17T09:15:41+02:00,2025-05-17T09:53:00+02:00,RAIL,16.676299999999998,17.0,53.1823893,5.550035,53.1961713,5.7914146,2025-05-17T09:53:00+02:00,2025-05-17T10:10:00+02:00,WALK,0.14296999999999999,2.1333333333333333,53.1961713,5.7914146,53.1961242,5.7931638,2025-05-17T10:10:00+02:00,2025-05-17T10:12:08+02:00,RAIL,93.71414,55.0,53.1961242,5.7931638,52.5049606,6.0915039,2025-05-17T10:16:00+02:00,2025-05-17T11:11:00+02:00,WALK,0.26027,3.783333333333333,52.5049606,6.0915039,52.504903,6.0914218,2025-05-17T11:11:00+02:00,2025-05-17T11:14:47+02:00,RAIL,87.86362,50.0,52.504903,6.0914218,52.0899869,5.109934,2025-05-17T11:19:00+02:00,2025-05-17T12:09:00+02:00,WALK,0.19712000000000002,2.933333333333333,52.0899869,5.109934,52.0896856,5.1090611,2025-05-17T12:09:00+02:00,2025-05-17T12:11:56+02:00,RAIL,80.00296,49.0,52.0896856,5.1090611,51.4429706,5.4804289,2025-05-17T12:24:00+02:00,2025-05-17T13:13:00+02:00,WALK,0.45775,6.15,51.4429706,5.4804289,51.443663,5.478553,2025-05-17T13:13:00+02:00,2025-05-17T13:19:09+02:00,BUS,7.16484,17.0,51.443663,5.478553,51.497783,5.453287,2025-05-17T13:25:00+02:00,2025-05-17T13:42:00+02:00,271.08333333333337,291.77273,WALK,2.39898,30.766666666666666,51.497783,5.453287,51.4998731,5.4332325,2025-05-17T13:42:00+02:00,2025-05-17T14:12:46+02:00,,,,,,,,,,,,,,,,,,,,,,,,,,,,,,,,,,,,,0.0,683.7282999999999,0.0,3842.27974,0.0,3602.4084199999998,0.0,3280.12136,0.0,752.3081999999999,0.0,0.0,0.0,0.0,0.0,12160.846019999999,0.0,2.5014449999999995,0.0,14.057121,0.0,13.179542999999999,0.0,12.000444,0.0,1.432968,0.0,0.0,0.0,0.0,0.0,43.171521
A00035,dep,1,BICYCLE,18.07068,63.18333333333333,51.4763996,5.6421375,51.4998731,5.4332325,2025-05-17T15:15:49+02:00,2025-05-17T16:19:00+02:00,,,,,,,,,,,,,,,,,,,,,,,,,,,,,,,,,,,,,,,,,,,,,,,,,,,,,,,,,,,,,,,,,,,,,,,,,,,,,,,,,,63.18333333333333,18.07068,,,,,,,,,,,,,,,,,,,,,,,,,,,,,,,,,,,,,,,,,,,,,,0.0,0.0,0.0,0.0,0.0,0.0,0.0,0.0,0.0,0.0,0.0,0.0,0.0,0.0,0.0,0.0,0.0,0.0,0.0,0.0,0.0,0.0,0.0,0.0,0.0,0.0,0.0,0.0,0.0,0.0,0.0,0.0
A00036,dep,2,WALK,2.98664,38.31666666666667,53.1868765,5.5778464,53.1823893,5.550035,2025-05-17T08:14:41+02:00,2025-05-17T08:53:00+02:00,RAIL,16.676299999999998,17.0,53.1823893,5.550035,53.1961713,5.7914146,2025-05-17T08:53:00+02:00,2025-05-17T09:10:00+02:00,WALK,0.14296999999999999,2.1333333333333333,53.1961713,5.7914146,53.1961242,5.7931638,2025-05-17T09:10:00+02:00,2025-05-17T09:12:08+02:00,RAIL,93.71414,55.0,53.1961242,5.7931638,52.5049606,6.0915039,2025-05-17T09:16:00+02:00,2025-05-17T10:11:00+02:00,WALK,0.26027,3.783333333333333,52.5049606,6.0915039,52.504903,6.0914218,2025-05-17T10:11:00+02:00,2025-05-17T10:14:47+02:00,RAIL,87.86362,50.0,52.504903,6.0914218,52.0899869,5.109934,2025-05-17T10:19:00+02:00,2025-05-17T11:09:00+02:00,WALK,0.19712000000000002,2.933333333333333,52.0899869,5.109934,52.0896856,5.1090611,2025-05-17T11:09:00+02:00,2025-05-17T11:11:56+02:00,RAIL,80.00296,49.0,52.0896856,5.1090611,51.4429706,5.4804289,2025-05-17T11:24:00+02:00,2025-05-17T12:13:00+02:00,WALK,0.45775,6.15,51.4429706,5.4804289,51.443663,5.478553,2025-05-17T12:13:00+02:00,2025-05-17T12:19:09+02:00,BUS,7.16484,17.0,51.443663,5.478553,51.497783,5.453287,2025-05-17T12:25:00+02:00,2025-05-17T12:42:00+02:00,272.08333333333337,291.86559,WALK,2.39898,30.766666666666666,51.497783,5.453287,51.4998731,5.4332325,2025-05-17T12:42:00+02:00,2025-05-17T13:12:46+02:00,,,,,,,,,,,,,,,,,,,,,,,,,,,,,,,,,,,,,0.0,683.7282999999999,0.0,3842.27974,0.0,3602.4084199999998,0.0,3280.12136,0.0,752.3081999999999,0.0,0.0,0.0,0.0,0.0,12160.846019999999,0.0,2.5014449999999995,0.0,14.057121,0.0,13.179542999999999,0.0,12.000444,0.0,1.432968,0.0,0.0,0.0,0.0,0.0,43.171521
A00037,dep,1,BICYCLE,29.52447,103.71666666666667,51.6915936,5.3306511,51.4998731,5.4332325,2025-05-17T13:47:17+02:00,2025-05-17T15:31:00+02:00,,,,,,,,,,,,,,,,,,,,,,,,,,,,,,,,,,,,,,,,,,,,,,,,,,,,,,,,,,,,,,,,,,,,,,,,,,,,,,,,,,103.71666666666667,29.52447,,,,,,,,,,,,,,,,,,,,,,,,,,,,,,,,,,,,,,,,,,,,,,0.0,0.0,0.0,0.0,0.0,0.0,0.0,0.0,0.0,0.0,0.0,0.0,0.0,0.0,0.0,0.0,0.0,0.0,0.0,0.0,0.0,0.0,0.0,0.0,0.0,0.0,0.0,0.0,0.0,0.0,0.0,0.0
A00038,dep,1,BICYCLE,22.609389999999998,79.9,51.4172519,5.6069325,51.4998731,5.4332325,2025-05-17T16:35:06+02:00,2025-05-17T17:55:00+02:00,,,,,,,,,,,,,,,,,,,,,,,,,,,,,,,,,,,,,,,,,,,,,,,,,,,,,,,,,,,,,,,,,,,,,,,,,,,,,,,,,,79.9,22.609389999999998,,,,,,,,,,,,,,,,,,,,,,,,,,,,,,,,,,,,,,,,,,,,,,0.0,0.0,0.0,0.0,0.0,0.0,0.0,0.0,0.0,0.0,0.0,0.0,0.0,0.0,0.0,0.0,0.0,0.0,0.0,0.0,0.0,0.0,0.0,0.0,0.0,0.0,0.0,0.0,0.0,0.0,0.0,0.0
A00039,dep,1,WALK,2.3960700000000004,31.0,52.2106127,5.5130409,52.2221688,5.4936281,2025-05-17T16:03:00+02:00,2025-05-17T16:34:00+02:00,RAIL,32.40694,35.0,52.2221688,5.4936281,52.0901007,5.1103646,2025-05-17T16:34:00+02:00,2025-05-17T17:09:00+02:00,WALK,0.35842,5.4,52.0901007,5.1103646,52.0896856,5.1090611,2025-05-17T17:09:00+02:00,2025-05-17T17:14:24+02:00,RAIL,80.00296,49.0,52.0896856,5.1090611,51.4429706,5.4804289,2025-05-17T17:24:00+02:00,2025-05-17T18:13:00+02:00,WALK,0.45775,6.15,51.4429706,5.4804289,51.443663,5.478553,2025-05-17T18:13:00+02:00,2025-05-17T18:19:09+02:00,BUS,7.16484,17.0,51.443663,5.478553,51.497783,5.453287,2025-05-17T18:25:00+02:00,2025-05-17T18:42:00+02:00,WALK,2.39898,30.766666666666666,51.497783,5.453287,51.4998731,5.4332325,2025-05-17T18:42:00+02:00,2025-05-17T19:12:46+02:00,,,,,,,,,,,,,,,,,,,,,,,,,,,,174.31666666666666,125.18596,,,,,,,,,,,,,,,,,,,,,,,,,,,,,,,,,,,,,,,,,,,,,,0.0,1328.68454,0.0,3280.12136,0.0,752.3081999999999,0.0,0.0,0.0,0.0,0.0,0.0,0.0,0.0,0.0,5361.114100000001,0.0,4.861040999999999,0.0,12.000444,0.0,1.432968,0.0,0.0,0.0,0.0,0.0,0.0,0.0,0.0,0.0,18.294452999999997
A00040,dep,1,WALK,1.9192799999999999,24.5,52.8405717,5.6595802,52.854951,5.668493,2025-05-17T14:21:30+02:00,2025-05-17T14:46:00+02:00,BUS,4.3667,8.0,52.854951,5.668493,52.847868,5.721204,2025-05-17T14:46:00+02:00,2025-05-17T14:54:00+02:00,WALK,0.0265,0.45,52.847868,5.721204,52.847715,5.721129,2025-05-17T14:54:00+02:00,2025-05-17T14:54:27+02:00,BUS,26.27227,25.0,52.847715,5.721129,52.960599,5.916883,2025-05-17T15:26:00+02:00,2025-05-17T15:51:00+02:00,WALK,0.13393,2.05,52.960599,5.916883,52.960715,5.9153277,2025-05-17T15:51:00+02:00,2025-05-17T15:53:03+02:00,RAIL,152.53244,96.0,52.960715,5.9153277,52.0899869,5.109934,2025-05-17T16:03:00+02:00,2025-05-17T17:39:00+02:00,WALK,0.19712000000000002,2.933333333333333,52.0899869,5.109934,52.0896856,5.1090611,2025-05-17T17:39:00+02:00,2025-05-17T17:41:56+02:00,RAIL,80.00296,49.0,52.0896856,5.1090611,51.4429706,5.4804289,2025-05-17T17:54:00+02:00,2025-05-17T18:43:00+02:00,WALK,0.45775,6.15,51.4429706,5.4804289,51.443663,5.478553,2025-05-17T18:43:00+02:00,2025-05-17T18:49:09+02:00,BUS,7.16484,17.0,51.443663,5.478553,51.497783,5.453287,2025-05-17T18:55:00+02:00,2025-05-17T19:12:00+02:00,261.85,275.47277,WALK,2.39898,30.766666666666666,51.497783,5.453287,51.4998731,5.4332325,2025-05-17T19:12:00+02:00,2025-05-17T19:42:46+02:00,,,,,,,,,,,,,,,,,,,,,,,,,,,,,,,,,,,,,0.0,458.5035,0.0,2758.58835,0.0,6253.830040000001,0.0,3280.12136,0.0,752.3081999999999,0.0,0.0,0.0,0.0,0.0,13503.351450000002,0.0,0.87334,0.0,5.254454,0.0,22.879866,0.0,12.000444,0.0,1.432968,0.0,0.0,0.0,0.0,0.0,42.441072000000005
A00041,dep,1,BICYCLE,19.18408,67.51666666666667,51.4467162,5.6083305,51.4998731,5.4332325,2025-05-17T17:21:29+02:00,2025-05-17T18:29:00+02:00,,,,,,,,,,,,,,,,,,,,,,,,,,,,,,,,,,,,,,,,,,,,,,,,,,,,,,,,,,,,,,,,,,,,,,,,,,,,,,,,,,67.51666666666667,19.18408,,,,,,,,,,,,,,,,,,,,,,,,,,,,,,,,,,,,,,,,,,,,,,0.0,0.0,0.0,0.0,0.0,0.0,0.0,0.0,0.0,0.0,0.0,0.0,0.0,0.0,0.0,0.0,0.0,0.0,0.0,0.0,0.0,0.0,0.0,0.0,0.0,0.0,0.0,0.0,0.0,0.0,0.0,0.0
A00042,dep,1,BICYCLE,14.75951,52.583333333333336,51.4364652,5.5399632,51.4998731,5.4332325,2025-05-17T16:45:25+02:00,2025-05-17T17:38:00+02:00,,,,,,,,,,,,,,,,,,,,,,,,,,,,,,,,,,,,,,,,,,,,,,,,,,,,,,,,,,,,,,,,,,,,,,,,,,,,,,,,,,52.583333333333336,14.75951,,,,,,,,,,,,,,,,,,,,,,,,,,,,,,,,,,,,,,,,,,,,,,0.0,0.0,0.0,0.0,0.0,0.0,0.0,0.0,0.0,0.0,0.0,0.0,0.0,0.0,0.0,0.0,0.0,0.0,0.0,0.0,0.0,0.0,0.0,0.0,0.0,0.0,0.0,0.0,0.0,0.0,0.0,0.0
A00043,dep,2,WALK,0.83485,10.966666666666667,52.2301066,6.1930338,52.226288,6.192395,2025-05-17T10:38:02+02:00,2025-05-17T10:49:00+02:00,BUS,11.224950000000002,20.0,52.226288,6.192395,52.142771,6.197477,2025-05-17T10:49:00+02:00,2025-05-17T11:09:00+02:00,WALK,0.76173,9.833333333333334,52.142771,6.197477,52.1448468,6.1940253,2025-05-17T11:09:00+02:00,2025-05-17T11:18:50+02:00,RAIL,91.19842999999999,68.0,52.1448468,6.1940253,51.6915202,5.293636,2025-05-17T11:28:00+02:00,2025-05-17T12:36:00+02:00,WALK,0.22147999999999998,3.0166666666666666,51.6915202,5.293636,51.6915029,5.2937575,2025-05-17T12:36:00+02:00,2025-05-17T12:39:01+02:00,RAIL,32.07784,19.0,51.6915029,5.2937575,51.4429706,5.4804289,2025-05-17T12:54:00+02:00,2025-05-17T13:13:00+02:00,WALK,0.45775,6.15,51.4429706,5.4804289,51.443663,5.478553,2025-05-17T13:13:00+02:00,2025-05-17T13:19:09+02:00,BUS,7.16484,17.0,51.443663,5.478553,51.497783,5.453287,2025-05-17T13:25:00+02:00,2025-05-17T13:42:00+02:00,WALK,2.39898,30.766666666666666,51.497783,5.453287,51.4998731,5.4332325,2025-05-17T13:42:00+02:00,2025-05-17T14:12:46+02:00,,,,,,,,,,184.73333333333335,146.34085,,,,,,,,,,,,,,,,,,,,,,,,,,,,,,,,,,,,,,,,,,,,,,0.0,1178.61975,0.0,3739.1356299999993,0.0,1315.19144,0.0,752.3081999999999,0.0,0.0,0.0,0.0,0.0,0.0,0.0,6985.255019999999,0.0,2.2449900000000005,0.0,13.679764499999997,0.0,4.811676,0.0,1.432968,0.0,0.0,0.0,0.0,0.0,0.0,0.0,22.169398499999996
A00044,dep,1,BICYCLE,24.03554,84.43333333333334,51.3600136,5.5826183,51.4998731,5.4332325,2025-05-17T16:51:34+02:00,2025-05-17T18:16:00+02:00,,,,,,,,,,,,,,,,,,,,,,,,,,,,,,,,,,,,,,,,,,,,,,,,,,,,,,,,,,,,,,,,,,,,,,,,,,,,,,,,,,84.43333333333334,24.03554,,,,,,,,,,,,,,,,,,,,,,,,,,,,,,,,,,,,,,,,,,,,,,0.0,0.0,0.0,0.0,0.0,0.0,0.0,0.0,0.0,0.0,0.0,0.0,0.0,0.0,0.0,0.0,0.0,0.0,0.0,0.0,0.0,0.0,0.0,0.0,0.0,0.0,0.0,0.0,0.0,0.0,0.0,0.0
A00045,dep,1,BICYCLE,1.33488,5.333333333333333,51.4925764,5.4355106,51.4998731,5.4332325,2025-05-17T15:42:40+02:00,2025-05-17T15:48:00+02:00,,,,,,,,,,,,,,,,,,,,,,,,,,,,,,,,,,,,,,,,,,,,,,,,,,,,,,,,,,,,,,,,,,,,,,,,,,,,,,,,,,5.333333333333333,1.33488,,,,,,,,,,,,,,,,,,,,,,,,,,,,,,,,,,,,,,,,,,,,,,0.0,0.0,0.0,0.0,0.0,0.0,0.0,0.0,0.0,0.0,0.0,0.0,0.0,0.0,0.0,0.0,0.0,0.0,0.0,0.0,0.0,0.0,0.0,0.0,0.0,0.0,0.0,0.0,0.0,0.0,0.0,0.0
A00046,dep,1,BICYCLE,25.318939999999998,88.8,51.3618325,5.6054412,51.4998731,5.4332325,2025-05-17T12:53:12+02:00,2025-05-17T14:22:00+02:00,,,,,,,,,,,,,,,,,,,,,,,,,,,,,,,,,,,,,,,,,,,,,,,,,,,,,,,,,,,,,,,,,,,,,,,,,,,,,,,,,,88.8,25.318939999999998,,,,,,,,,,,,,,,,,,,,,,,,,,,,,,,,,,,,,,,,,,,,,,0.0,0.0,0.0,0.0,0.0,0.0,0.0,0.0,0.0,0.0,0.0,0.0,0.0,0.0,0.0,0.0,0.0,0.0,0.0,0.0,0.0,0.0,0.0,0.0,0.0,0.0,0.0,0.0,0.0,0.0,0.0,0.0
A00047,dep,1,BICYCLE,41.54125,146.46666666666667,51.2285752,5.5524373,51.4998731,5.4332325,2025-05-17T16:11:32+02:00,2025-05-17T18:38:00+02:00,,,,,,,,,,,,,,,,,,,,,,,,,,,,,,,,,,,,,,,,,,,,,,,,,,,,,,,,,,,,,,,,,,,,,,,,,,,,,,,,,,146.46666666666667,41.54125,,,,,,,,,,,,,,,,,,,,,,,,,,,,,,,,,,,,,,,,,,,,,,0.0,0.0,0.0,0.0,0.0,0.0,0.0,0.0,0.0,0.0,0.0,0.0,0.0,0.0,0.0,0.0,0.0,0.0,0.0,0.0,0.0,0.0,0.0,0.0,0.0,0.0,0.0,0.0,0.0,0.0,0.0,0.0
A00048,dep,1,WALK,2.36315,30.0,51.929282,5.5505961,51.9315059,5.5833396,2025-05-17T17:34:00+02:00,2025-05-17T18:04:00+02:00,RAIL,12.12693,9.0,51.9315059,5.5833396,51.8897204,5.4229528,2025-05-17T18:04:00+02:00,2025-05-17T18:13:00+02:00,WALK,0.13641,1.8333333333333333,51.8897204,5.4229528,51.889746,5.4229052,2025-05-17T18:13:00+02:00,2025-05-17T18:14:50+02:00,RAIL,37.67721,36.0,51.889746,5.4229052,52.0896017,5.1087884,2025-05-17T18:18:00+02:00,2025-05-17T18:54:00+02:00,WALK,0.21271,3.25,52.0896017,5.1087884,52.0896856,5.1090611,2025-05-17T18:54:00+02:00,2025-05-17T18:57:15+02:00,RAIL,80.00296,48.0,52.0896856,5.1090611,51.4428473,5.4804826,2025-05-17T19:09:00+02:00,2025-05-17T19:57:00+02:00,WALK,0.45792,6.15,51.4428473,5.4804826,51.443663,5.478553,2025-05-17T19:57:00+02:00,2025-05-17T20:03:09+02:00,BUS,9.7371,20.0,51.443663,5.478553,51.500405,5.414492,2025-05-17T20:06:00+02:00,2025-05-17T20:26:00+02:00,WALK,1.77009,22.8,51.500405,5.414492,51.4998731,5.4332325,2025-05-17T20:26:00+02:00,2025-05-17T20:48:48+02:00,,,,,,,,,,177.03333333333336,144.48448000000002,,,,,,,,,,,,,,,,,,,,,,,,,,,,,,,,,,,,,,,,,,,,,,0.0,497.20412999999996,0.0,1544.7656100000002,0.0,3280.12136,0.0,1022.3955,0.0,0.0,0.0,0.0,0.0,0.0,0.0,6344.486599999999,0.0,1.8190395,0.0,5.6515815,0.0,12.000444,0.0,1.9474200000000002,0.0,0.0,0.0,0.0,0.0,0.0,0.0,21.418485
A00049,dep,2,WALK,0.7259500000000001,9.3,52.0855155,4.8548774,52.081648,4.859663,2025-05-17T11:36:42+02:00,2025-05-17T11:46:00+02:00,BUS,8.16044,10.0,52.081648,4.859663,52.0842,4.892839,2025-05-17T11:46:00+02:00,2025-05-17T11:56:00+02:00,WALK,0.2726,4.716666666666667,52.0842,4.892839,52.0848168,4.8932719,2025-05-17T11:56:00+02:00,2025-05-17T12:00:43+02:00,RAIL,15.7536,10.0,52.0848168,4.8932719,52.0895704,5.1086559,2025-05-17T12:23:00+02:00,2025-05-17T12:33:00+02:00,WALK,0.18321,2.75,52.0895704,5.1086559,52.0896856,5.1090611,2025-05-17T12:33:00+02:00,2025-05-17T12:35:45+02:00,RAIL,80.00296,47.0,52.0896856,5.1090611,51.4428473,5.4804826,2025-05-17T12:39:00+02:00,2025-05-17T13:26:00+02:00,WALK,0.45792,6.15,51.4428473,5.4804826,51.443663,5.478553,2025-05-17T13:26:00+02:00,2025-05-17T13:32:09+02:00,BUS,7.16484,17.0,51.443663,5.478553,51.497783,5.453287,2025-05-17T13:40:00+02:00,2025-05-17T13:57:00+02:00,WALK,2.39898,30.766666666666666,51.497783,5.453287,51.4998731,5.4332325,2025-05-17T13:57:00+02:00,2025-05-17T14:27:46+02:00,,,,,,,,,,137.68333333333334,115.12049999999999,,,,,,,,,,,,,,,,,,,,,,,,,,,,,,,,,,,,,,,,,,,,,,0.0,856.8462,0.0,645.8976,0.0,3280.12136,0.0,752.3081999999999,0.0,0.0,0.0,0.0,0.0,0.0,0.0,5535.173360000001,0.0,1.632088,0.0,2.36304,0.0,12.000444,0.0,1.432968,0.0,0.0,0.0,0.0,0.0,0.0,0.0,17.428539999999998
A00050,dep,1,BICYCLE,16.03574,57.7,51.4294815,5.5618221,51.4998731,5.4332325,2025-05-17T15:21:18+02:00,2025-05-17T16:19:00+02:00,,,,,,,,,,,,,,,,,,,,,,,,,,,,,,,,,,,,,,,,,,,,,,,,,,,,,,,,,,,,,,,,,,,,,,,,,,,,,,,,,,57.7,16.03574,,,,,,,,,,,,,,,,,,,,,,,,,,,,,,,,,,,,,,,,,,,,,,0.0,0.0,0.0,0.0,0.0,0.0,0.0,0.0,0.0,0.0,0.0,0.0,0.0,0.0,0.0,0.0,0.0,0.0,0.0,0.0,0.0,0.0,0.0,0.0,0.0,0.0,0.0,0.0,0.0,0.0,0.0,0.0
A00051,dep,2,WALK,2.6532,33.63333333333333,51.9421894,4.7516677,51.936325,4.779603,2025-05-17T11:30:22+02:00,2025-05-17T12:04:00+02:00,BUS,10.30539,14.0,51.936325,4.779603,52.01235,4.71534,2025-05-17T12:04:00+02:00,2025-05-17T12:18:00+02:00,BUS,0.81204,3.0,52.01235,4.71534,52.016861,4.707275,2025-05-17T12:21:00+02:00,2025-05-17T12:24:00+02:00,WALK,0.16418000000000002,2.9833333333333334,52.016861,4.707275,52.0172917,4.7056782,2025-05-17T12:24:00+02:00,2025-05-17T12:26:59+02:00,RAIL,32.298880000000004,18.0,52.0172917,4.7056782,52.0898433,5.1095008,2025-05-17T12:29:00+02:00,2025-05-17T12:47:00+02:00,WALK,0.17565999999999998,2.6666666666666665,52.0898433,5.1095008,52.0896856,5.1090611,2025-05-17T12:47:00+02:00,2025-05-17T12:49:40+02:00,RAIL,80.00296,49.0,52.0896856,5.1090611,51.4429706,5.4804289,2025-05-17T12:54:00+02:00,2025-05-17T13:43:00+02:00,WALK,0.45775,6.15,51.4429706,5.4804289,51.443663,5.478553,2025-05-17T13:43:00+02:00,2025-05-17T13:49:09+02:00,BUS,7.16484,17.0,51.443663,5.478553,51.497783,5.453287,2025-05-17T13:55:00+02:00,2025-05-17T14:12:00+02:00,WALK,2.39898,30.766666666666666,51.497783,5.453287,51.4998731,5.4332325,2025-05-17T14:12:00+02:00,2025-05-17T14:42:46+02:00,177.2,136.43388000000002,,,,,,,,,,,,,,,,,,,,,,,,,,,,,,,,,,,,,,,,,,,,,,0.0,1082.06595,85.2642,0.0,1324.2540800000002,0.0,3280.12136,0.0,752.3081999999999,0.0,0.0,0.0,0.0,0.0,0.0,6524.013790000001,0.0,2.0610779999999997,0.162408,0.0,4.844832,0.0,12.000444,0.0,1.432968,0.0,0.0,0.0,0.0,0.0,0.0,20.50173
A00052,dep,1,WALK,2.19087,28.116666666666667,52.0275122,5.5071604,52.0281916,5.5314982,2025-05-17T13:50:53+02:00,2025-05-17T14:19:00+02:00,RAIL,31.04389,27.0,52.0281916,5.5314982,52.0897859,5.1093674,2025-05-17T14:19:00+02:00,2025-05-17T14:46:00+02:00,WALK,0.15109999999999998,2.35,52.0897859,5.1093674,52.0896856,5.1090611,2025-05-17T14:46:00+02:00,2025-05-17T14:48:21+02:00,RAIL,80.00296,49.0,52.0896856,5.1090611,51.4429706,5.4804289,2025-05-17T14:54:00+02:00,2025-05-17T15:43:00+02:00,WALK,0.45775,6.15,51.4429706,5.4804289,51.443663,5.478553,2025-05-17T15:43:00+02:00,2025-05-17T15:49:09+02:00,BUS,7.16484,17.0,51.443663,5.478553,51.497783,5.453287,2025-05-17T15:55:00+02:00,2025-05-17T16:12:00+02:00,WALK,2.39898,30.766666666666666,51.497783,5.453287,51.4998731,5.4332325,2025-05-17T16:12:00+02:00,2025-05-17T16:42:46+02:00,,,,,,,,,,,,,,,,,,,,,,,,,,,,160.38333333333333,123.41039,,,,,,,,,,,,,,,,,,,,,,,,,,,,,,,,,,,,,,,,,,,,,,0.0,1272.79949,0.0,3280.12136,0.0,752.3081999999999,0.0,0.0,0.0,0.0,0.0,0.0,0.0,0.0,0.0,5305.22905,0.0,4.6565835,0.0,12.000444,0.0,1.432968,0.0,0.0,0.0,0.0,0.0,0.0,0.0,0.0,0.0,18.089995499999997
A00053,dep,1,BICYCLE,14.18783,51.516666666666666,51.4050799,5.4951427,51.4998731,5.4332325,2025-05-17T15:47:29+02:00,2025-05-17T16:39:00+02:00,,,,,,,,,,,,,,,,,,,,,,,,,,,,,,,,,,,,,,,,,,,,,,,,,,,,,,,,,,,,,,,,,,,,,,,,,,,,,,,,,,51.516666666666666,14.18783,,,,,,,,,,,,,,,,,,,,,,,,,,,,,,,,,,,,,,,,,,,,,,0.0,0.0,0.0,0.0,0.0,0.0,0.0,0.0,0.0,0.0,0.0,0.0,0.0,0.0,0.0,0.0,0.0,0.0,0.0,0.0,0.0,0.0,0.0,0.0,0.0,0.0,0.0,0.0,0.0,0.0,0.0,0.0
A00054,dep,1,BICYCLE,6.83227,24.383333333333333,51.4973837,5.5124216,51.4998731,5.4332325,2025-05-17T17:27:37+02:00,2025-05-17T17:52:00+02:00,,,,,,,,,,,,,,,,,,,,,,,,,,,,,,,,,,,,,,,,,,,,,,,,,,,,,,,,,,,,,,,,,,,,,,,,,,,,,,,,,,24.383333333333333,6.83227,,,,,,,,,,,,,,,,,,,,,,,,,,,,,,,,,,,,,,,,,,,,,,0.0,0.0,0.0,0.0,0.0,0.0,0.0,0.0,0.0,0.0,0.0,0.0,0.0,0.0,0.0,0.0,0.0,0.0,0.0,0.0,0.0,0.0,0.0,0.0,0.0,0.0,0.0,0.0,0.0,0.0,0.0,0.0
A00055,dep,1,WALK,1.7154500000000001,21.716666666666665,51.8734233,6.0178663,51.862108,6.018103,2025-05-17T12:00:17+02:00,2025-05-17T12:22:00+02:00,BUS,11.586780000000001,19.0,51.862108,6.018103,51.831126,5.923978,2025-05-17T12:22:00+02:00,2025-05-17T12:41:00+02:00,WALK,0.34098,4.983333333333333,51.831126,5.923978,51.833649,5.924443,2025-05-17T12:41:00+02:00,2025-05-17T12:45:59+02:00,BUS,5.504359999999999,11.0,51.833649,5.924443,51.843858,5.853429,2025-05-17T12:49:00+02:00,2025-05-17T13:00:00+02:00,WALK,0.26981,4.35,51.843858,5.853429,51.84249,5.8518833,2025-05-17T13:00:00+02:00,2025-05-17T13:04:21+02:00,RAIL,43.2187,28.0,51.84249,5.8518833,51.6915202,5.293636,2025-05-17T13:08:00+02:00,2025-05-17T13:36:00+02:00,WALK,0.22147999999999998,3.0166666666666666,51.6915202,5.293636,51.6915029,5.2937575,2025-05-17T13:36:00+02:00,2025-05-17T13:39:01+02:00,RAIL,32.07784,19.0,51.6915029,5.2937575,51.4429706,5.4804289,2025-05-17T13:54:00+02:00,2025-05-17T14:13:00+02:00,WALK,0.45775,6.15,51.4429706,5.4804289,51.443663,5.478553,2025-05-17T14:13:00+02:00,2025-05-17T14:19:09+02:00,BUS,7.16484,17.0,51.443663,5.478553,51.497783,5.453287,2025-05-17T14:25:00+02:00,2025-05-17T14:42:00+02:00,164.98333333333335,104.95697,WALK,2.39898,30.766666666666666,51.497783,5.453287,51.4998731,5.4332325,2025-05-17T14:42:00+02:00,2025-05-17T15:12:46+02:00,,,,,,,,,,,,,,,,,,,,,,,,,,,,,,,,,,,,,0.0,1216.6119,0.0,577.9577999999999,0.0,1771.9667,0.0,1315.19144,0.0,752.3081999999999,0.0,0.0,0.0,0.0,0.0,5634.036039999999,0.0,2.317356,0.0,1.1008719999999999,0.0,6.482805,0.0,4.811676,0.0,1.432968,0.0,0.0,0.0,0.0,0.0,16.145677
A00056,dep,1,BICYCLE,15.21386,54.166666666666664,51.4179361,5.5386731,51.4998731,5.4332325,2025-05-17T18:31:50+02:00,2025-05-17T19:26:00+02:00,,,,,,,,,,,,,,,,,,,,,,,,,,,,,,,,,,,,,,,,,,,,,,,,,,,,,,,,,,,,,,,,,,,,,,,,,,,,,,,,,,54.166666666666664,15.21386,,,,,,,,,,,,,,,,,,,,,,,,,,,,,,,,,,,,,,,,,,,,,,0.0,0.0,0.0,0.0,0.0,0.0,0.0,0.0,0.0,0.0,0.0,0.0,0.0,0.0,0.0,0.0,0.0,0.0,0.0,0.0,0.0,0.0,0.0,0.0,0.0,0.0,0.0,0.0,0.0,0.0,0.0,0.0
A00057,dep,1,BICYCLE,12.80194,45.4,51.4760019,5.5804274,51.4998731,5.4332325,2025-05-17T13:49:36+02:00,2025-05-17T14:35:00+02:00,,,,,,,,,,,,,,,,,,,,,,,,,,,,,,,,,,,,,,,,,,,,,,,,,,,,,,,,,,,,,,,,,,,,,,,,,,,,,,,,,,45.4,12.80194,,,,,,,,,,,,,,,,,,,,,,,,,,,,,,,,,,,,,,,,,,,,,,0.0,0.0,0.0,0.0,0.0,0.0,0.0,0.0,0.0,0.0,0.0,0.0,0.0,0.0,0.0,0.0,0.0,0.0,0.0,0.0,0.0,0.0,0.0,0.0,0.0,0.0,0.0,0.0,0.0,0.0,0.0,0.0
A00058,dep,1,BICYCLE,27.44602,96.33333333333333,51.4509795,5.6984644,51.4998731,5.4332325,2025-05-17T16:14:40+02:00,2025-05-17T17:51:00+02:00,,,,,,,,,,,,,,,,,,,,,,,,,,,,,,,,,,,,,,,,,,,,,,,,,,,,,,,,,,,,,,,,,,,,,,,,,,,,,,,,,,96.33333333333333,27.44602,,,,,,,,,,,,,,,,,,,,,,,,,,,,,,,,,,,,,,,,,,,,,,0.0,0.0,0.0,0.0,0.0,0.0,0.0,0.0,0.0,0.0,0.0,0.0,0.0,0.0,0.0,0.0,0.0,0.0,0.0,0.0,0.0,0.0,0.0,0.0,0.0,0.0,0.0,0.0,0.0,0.0,0.0,0.0
A00059,dep,2,WALK,0.25777999999999995,3.4,52.0926311,4.4062597,52.09082,4.406616,2025-05-17T12:44:15+02:00,2025-05-17T12:47:39+02:00,BUS,7.90899,20.35,52.09082,4.406616,52.080475,4.3258,2025-05-17T12:47:39+02:00,2025-05-17T13:08:00+02:00,WALK,0.36855,5.616666666666666,52.080475,4.3258,52.080005,4.3249463,2025-05-17T13:08:00+02:00,2025-05-17T13:13:37+02:00,RAIL,128.24742,87.0,52.080005,4.3249463,51.4428473,5.4804826,2025-05-17T13:19:00+02:00,2025-05-17T14:46:00+02:00,WALK,0.45792,6.15,51.4428473,5.4804826,51.443663,5.478553,2025-05-17T14:46:00+02:00,2025-05-17T14:52:09+02:00,BUS,7.16484,17.0,51.443663,5.478553,51.497783,5.453287,2025-05-17T14:55:00+02:00,2025-05-17T15:12:00+02:00,WALK,2.39898,30.766666666666666,51.497783,5.453287,51.4998731,5.4332325,2025-05-17T15:12:00+02:00,2025-05-17T15:42:46+02:00,,,,,,,,,,,,,,,,,,,,,,,,,,,,170.28333333333336,146.80448,,,,,,,,,,,,,,,,,,,,,,,,,,,,,,,,,,,,,,,,,,,,,,0.0,830.44395,0.0,5258.14422,0.0,752.3081999999999,0.0,0.0,0.0,0.0,0.0,0.0,0.0,0.0,0.0,6840.89637,0.0,1.581798,0.0,19.237113,0.0,1.432968,0.0,0.0,0.0,0.0,0.0,0.0,0.0,0.0,0.0,22.251879
A00060,dep,1,BICYCLE,4.760140000000001,17.45,51.4829348,5.406613,51.4998731,5.4332325,2025-05-17T13:22:33+02:00,2025-05-17T13:40:00+02:00,,,,,,,,,,,,,,,,,,,,,,,,,,,,,,,,,,,,,,,,,,,,,,,,,,,,,,,,,,,,,,,,,,,,,,,,,,,,,,,,,,17.45,4.760140000000001,,,,,,,,,,,,,,,,,,,,,,,,,,,,,,,,,,,,,,,,,,,,,,0.0,0.0,0.0,0.0,0.0,0.0,0.0,0.0,0.0,0.0,0.0,0.0,0.0,0.0,0.0,0.0,0.0,0.0,0.0,0.0,0.0,0.0,0.0,0.0,0.0,0.0,0.0,0.0,0.0,0.0,0.0,0.0
A00061,dep,2,WALK,0.6549299999999999,8.783333333333333,53.2020142,6.58427,53.2046901,6.5853099,2025-05-17T09:57:13+02:00,2025-05-17T10:06:00+02:00,RAIL,25.97226,17.0,53.2046901,6.5853099,52.9905037,6.5703831,2025-05-17T10:06:00+02:00,2025-05-17T10:23:00+02:00,RAIL,164.59847,94.0,52.9905037,6.5703831,52.0899869,5.109934,2025-05-17T10:35:00+02:00,2025-05-17T12:09:00+02:00,WALK,0.19712000000000002,2.933333333333333,52.0899869,5.109934,52.0896856,5.1090611,2025-05-17T12:09:00+02:00,2025-05-17T12:11:56+02:00,RAIL,80.00296,49.0,52.0896856,5.1090611,51.4429706,5.4804289,2025-05-17T12:24:00+02:00,2025-05-17T13:13:00+02:00,WALK,0.45775,6.15,51.4429706,5.4804289,51.443663,5.478553,2025-05-17T13:13:00+02:00,2025-05-17T13:19:09+02:00,BUS,7.16484,17.0,51.443663,5.478553,51.497783,5.453287,2025-05-17T13:25:00+02:00,2025-05-17T13:42:00+02:00,WALK,2.39898,30.766666666666666,51.497783,5.453287,51.4998731,5.4332325,2025-05-17T13:42:00+02:00,2025-05-17T14:12:46+02:00,,,,,,,,,,,,,,,,,,,225.63333333333333,281.44731,,,,,,,,,,,,,,,,,,,,,,,,,,,,,,,,,,,,,,,,,,,,,,0.0,1064.86266,6748.53727,0.0,3280.12136,0.0,752.3081999999999,0.0,0.0,0.0,0.0,0.0,0.0,0.0,0.0,11845.82949,0.0,3.8958389999999996,24.689770499999998,0.0,12.000444,0.0,1.432968,0.0,0.0,0.0,0.0,0.0,0.0,0.0,0.0,42.0190215
A00062,dep,1,BICYCLE,11.416469999999999,41.25,51.4441836,5.5058501,51.4998731,5.4332325,2025-05-17T13:44:45+02:00,2025-05-17T14:26:00+02:00,,,,,,,,,,,,,,,,,,,,,,,,,,,,,,,,,,,,,,,,,,,,,,,,,,,,,,,,,,,,,,,,,,,,,,,,,,,,,,,,,,41.25,11.416469999999999,,,,,,,,,,,,,,,,,,,,,,,,,,,,,,,,,,,,,,,,,,,,,,0.0,0.0,0.0,0.0,0.0,0.0,0.0,0.0,0.0,0.0,0.0,0.0,0.0,0.0,0.0,0.0,0.0,0.0,0.0,0.0,0.0,0.0,0.0,0.0,0.0,0.0,0.0,0.0,0.0,0.0,0.0,0.0
A00063,dep,1,WALK,1.02129,12.916666666666666,52.333441,6.8640612,52.329621,6.856471,2025-05-17T13:02:05+02:00,2025-05-17T13:15:00+02:00,BUS,11.01241,22.0,52.329621,6.856471,52.262288,6.794109,2025-05-17T13:15:00+02:00,2025-05-17T13:37:00+02:00,WALK,0.1187,1.6166666666666667,52.262288,6.794109,52.2620213,6.7929304,2025-05-17T13:37:00+02:00,2025-05-17T13:38:37+02:00,RAIL,132.41178,89.0,52.2620213,6.7929304,52.0899869,5.109934,2025-05-17T13:54:00+02:00,2025-05-17T15:23:00+02:00,WALK,0.19712000000000002,2.933333333333333,52.0899869,5.109934,52.0896856,5.1090611,2025-05-17T15:23:00+02:00,2025-05-17T15:25:56+02:00,RAIL,80.00296,47.0,52.0896856,5.1090611,51.4428473,5.4804826,2025-05-17T15:39:00+02:00,2025-05-17T16:26:00+02:00,WALK,0.45792,6.15,51.4428473,5.4804826,51.443663,5.478553,2025-05-17T16:26:00+02:00,2025-05-17T16:32:09+02:00,BUS,7.16484,17.0,51.443663,5.478553,51.497783,5.453287,2025-05-17T16:40:00+02:00,2025-05-17T16:57:00+02:00,WALK,2.39898,30.766666666666666,51.497783,5.453287,51.4998731,5.4332325,2025-05-17T16:57:00+02:00,2025-05-17T17:27:46+02:00,,,,,,,,,,229.38333333333333,234.786,,,,,,,,,,,,,,,,,,,,,,,,,,,,,,,,,,,,,,,,,,,,,,0.0,1156.30305,0.0,5428.882979999999,0.0,3280.12136,0.0,752.3081999999999,0.0,0.0,0.0,0.0,0.0,0.0,0.0,10617.615589999998,0.0,2.202482,0.0,19.861766999999997,0.0,12.000444,0.0,1.432968,0.0,0.0,0.0,0.0,0.0,0.0,0.0,35.497661
A00064,dep,1,WALK,0.16247999999999999,2.05,51.9670769,6.5040752,51.966143,6.502144,2025-05-17T09:58:57+02:00,2025-05-17T10:01:00+02:00,BUS,9.4103,13.0,51.966143,6.502144,52.01189,6.595667,2025-05-17T10:01:00+02:00,2025-05-17T10:14:00+02:00,WALK,0.10954000000000001,1.5666666666666667,52.01189,6.595667,52.0122502,6.5955788,2025-05-17T10:14:00+02:00,2025-05-17T10:15:34+02:00,RAIL,51.36122,37.0,52.0122502,6.5955788,52.2093,5.96846,2025-05-17T10:30:00+02:00,2025-05-17T11:07:00+02:00,WALK,0.11763,2.15,52.2093,5.96846,52.209441,5.9693366,2025-05-17T11:07:00+02:00,2025-05-17T11:09:09+02:00,RAIL,64.69368,39.0,52.209441,5.9693366,52.0899869,5.109934,2025-05-17T11:14:00+02:00,2025-05-17T11:53:00+02:00,WALK,0.19712000000000002,2.933333333333333,52.0899869,5.109934,52.0896856,5.1090611,2025-05-17T11:53:00+02:00,2025-05-17T11:55:56+02:00,RAIL,80.00296,48.0,52.0896856,5.1090611,51.4428473,5.4804826,2025-05-17T12:09:00+02:00,2025-05-17T12:57:00+02:00,WALK,0.45792,6.15,51.4428473,5.4804826,51.443663,5.478553,2025-05-17T12:57:00+02:00,2025-05-17T13:03:09+02:00,BUS,9.7371,20.0,51.443663,5.478553,51.500405,5.414492,2025-05-17T13:06:00+02:00,2025-05-17T13:26:00+02:00,194.65,218.02004000000002,WALK,1.77009,22.8,51.500405,5.414492,51.4998731,5.4332325,2025-05-17T13:26:00+02:00,2025-05-17T13:48:48+02:00,,,,,,,,,,,,,,,,,,,,,,,,,,,,,,,,,,,,,0.0,988.0814999999999,0.0,2105.81002,0.0,2652.44088,0.0,3280.12136,0.0,1022.3955,0.0,0.0,0.0,0.0,0.0,10048.84926,0.0,1.88206,0.0,7.7041830000000004,0.0,9.704051999999999,0.0,12.000444,0.0,1.9474200000000002,0.0,0.0,0.0,0.0,0.0,33.238159
A00065,dep,1,WALK,0.67747,8.883333333333333,51.9876918,6.2593762,51.984445,6.257008,2025-05-17T10:10:07+02:00,2025-05-17T10:19:00+02:00,BUS,3.79452,9.0,51.984445,6.257008,51.962546,6.291985,2025-05-17T10:19:00+02:00,2025-05-17T10:28:00+02:00,WALK,0.64473,8.5,51.962546,6.291985,51.9584587,6.2955893,2025-05-17T10:28:00+02:00,2025-05-17T10:36:30+02:00,RAIL,30.41442,32.0,51.9584587,6.2955893,51.9851469,5.9003941,2025-05-17T10:53:00+02:00,2025-05-17T11:25:00+02:00,WALK,0.11966,1.7666666666666666,51.9851469,5.9003941,51.985342,5.9004691,2025-05-17T11:25:00+02:00,2025-05-17T11:26:46+02:00,RAIL,55.41728,35.0,51.985342,5.9004691,52.0900908,5.1102439,2025-05-17T11:32:00+02:00,2025-05-17T12:07:00+02:00,WALK,0.22184,3.1333333333333333,52.0900908,5.1102439,52.0896856,5.1090611,2025-05-17T12:07:00+02:00,2025-05-17T12:10:08+02:00,RAIL,80.00296,49.0,52.0896856,5.1090611,51.4429706,5.4804289,2025-05-17T12:24:00+02:00,2025-05-17T13:13:00+02:00,WALK,0.45775,6.15,51.4429706,5.4804289,51.443663,5.478553,2025-05-17T13:13:00+02:00,2025-05-17T13:19:09+02:00,BUS,7.16484,17.0,51.443663,5.478553,51.497783,5.453287,2025-05-17T13:25:00+02:00,2025-05-17T13:42:00+02:00,201.20000000000005,181.31445000000002,WALK,2.39898,30.766666666666666,51.497783,5.453287,51.4998731,5.4332325,2025-05-17T13:42:00+02:00,2025-05-17T14:12:46+02:00,,,,,,,,,,,,,,,,,,,,,,,,,,,,,,,,,,,,,0.0,398.4246,0.0,1246.9912199999999,0.0,2272.10848,0.0,3280.12136,0.0,752.3081999999999,0.0,0.0,0.0,0.0,0.0,7949.95386,0.0,0.758904,0.0,4.562163,0.0,8.312591999999999,0.0,12.000444,0.0,1.432968,0.0,0.0,0.0,0.0,0.0,27.067070999999995
A00066,dep,1,CAR,185.33585,122.91666666666667,52.7254824,6.3600546,51.4998731,5.4332325,2025-05-17T14:18:05+02:00,2025-05-17T16:21:00+02:00,,,,,,,,,,,,,,,,,,,,,,,,,,,,,,,,,,,,,,,,,,,,,,,,,,,,,,,,,,,,,,,,,,,,,,,,,,,,,,,,,,122.91666666666667,185.33585,,,,,,,,,,,,,,,,,,,,,,,,,,,,,,,,,,,,,,,,,,,,,,35584.4832,0.0,0.0,0.0,0.0,0.0,0.0,0.0,0.0,0.0,0.0,0.0,0.0,0.0,0.0,35584.4832,78.76773625,0.0,0.0,0.0,0.0,0.0,0.0,0.0,0.0,0.0,0.0,0.0,0.0,0.0,0.0,78.76773625
A00067,dep,1,BICYCLE,49.99008,173.4,51.5765402,4.8122202,51.4998731,5.4332325,2025-05-17T12:21:36+02:00,2025-05-17T15:15:00+02:00,,,,,,,,,,,,,,,,,,,,,,,,,,,,,,,,,,,,,,,,,,,,,,,,,,,,,,,,,,,,,,,,,,,,,,,,,,,,,,,,,,173.4,49.99008,,,,,,,,,,,,,,,,,,,,,,,,,,,,,,,,,,,,,,,,,,,,,,0.0,0.0,0.0,0.0,0.0,0.0,0.0,0.0,0.0,0.0,0.0,0.0,0.0,0.0,0.0,0.0,0.0,0.0,0.0,0.0,0.0,0.0,0.0,0.0,0.0,0.0,0.0,0.0,0.0,0.0,0.0,0.0
A00068,dep,1,BICYCLE,10.83889,38.46666666666667,51.4392118,5.3815646,51.4998731,5.4332325,2025-05-17T13:47:32+02:00,2025-05-17T14:26:00+02:00,,,,,,,,,,,,,,,,,,,,,,,,,,,,,,,,,,,,,,,,,,,,,,,,,,,,,,,,,,,,,,,,,,,,,,,,,,,,,,,,,,38.46666666666667,10.83889,,,,,,,,,,,,,,,,,,,,,,,,,,,,,,,,,,,,,,,,,,,,,,0.0,0.0,0.0,0.0,0.0,0.0,0.0,0.0,0.0,0.0,0.0,0.0,0.0,0.0,0.0,0.0,0.0,0.0,0.0,0.0,0.0,0.0,0.0,0.0,0.0,0.0,0.0,0.0,0.0,0.0,0.0,0.0
A00070,dep,1,BICYCLE,12.66465,47.5,51.4559884,5.5312069,51.4998731,5.4332325,2025-05-17T14:02:30+02:00,2025-05-17T14:50:00+02:00,,,,,,,,,,,,,,,,,,,,,,,,,,,,,,,,,,,,,,,,,,,,,,,,,,,,,,,,,,,,,,,,,,,,,,,,,,,,,,,,,,47.5,12.66465,,,,,,,,,,,,,,,,,,,,,,,,,,,,,,,,,,,,,,,,,,,,,,0.0,0.0,0.0,0.0,0.0,0.0,0.0,0.0,0.0,0.0,0.0,0.0,0.0,0.0,0.0,0.0,0.0,0.0,0.0,0.0,0.0,0.0,0.0,0.0,0.0,0.0,0.0,0.0,0.0,0.0,0.0,0.0
A00072,dep,1,BICYCLE,56.9893,197.73333333333332,51.5812359,6.0900315,51.4998731,5.4332325,2025-05-17T11:05:16+02:00,2025-05-17T14:23:00+02:00,,,,,,,,,,,,,,,,,,,,,,,,,,,,,,,,,,,,,,,,,,,,,,,,,,,,,,,,,,,,,,,,,,,,,,,,,,,,,,,,,,197.73333333333332,56.9893,,,,,,,,,,,,,,,,,,,,,,,,,,,,,,,,,,,,,,,,,,,,,,0.0,0.0,0.0,0.0,0.0,0.0,0.0,0.0,0.0,0.0,0.0,0.0,0.0,0.0,0.0,0.0,0.0,0.0,0.0,0.0,0.0,0.0,0.0,0.0,0.0,0.0,0.0,0.0,0.0,0.0,0.0,0.0
A00073,dep,1,BICYCLE,11.16569,39.983333333333334,51.4349752,5.3890079,51.4998731,5.4332325,2025-05-17T14:17:01+02:00,2025-05-17T14:57:00+02:00,,,,,,,,,,,,,,,,,,,,,,,,,,,,,,,,,,,,,,,,,,,,,,,,,,,,,,,,,,,,,,,,,,,,,,,,,,,,,,,,,,39.983333333333334,11.16569,,,,,,,,,,,,,,,,,,,,,,,,,,,,,,,,,,,,,,,,,,,,,,0.0,0.0,0.0,0.0,0.0,0.0,0.0,0.0,0.0,0.0,0.0,0.0,0.0,0.0,0.0,0.0,0.0,0.0,0.0,0.0,0.0,0.0,0.0,0.0,0.0,0.0,0.0,0.0,0.0,0.0,0.0,0.0
A00074,dep,1,BICYCLE,4.2314099999999994,16.85,51.5112955,5.3911713,51.4998731,5.4332325,2025-05-17T15:31:09+02:00,2025-05-17T15:48:00+02:00,,,,,,,,,,,,,,,,,,,,,,,,,,,,,,,,,,,,,,,,,,,,,,,,,,,,,,,,,,,,,,,,,,,,,,,,,,,,,,,,,,16.85,4.2314099999999994,,,,,,,,,,,,,,,,,,,,,,,,,,,,,,,,,,,,,,,,,,,,,,0.0,0.0,0.0,0.0,0.0,0.0,0.0,0.0,0.0,0.0,0.0,0.0,0.0,0.0,0.0,0.0,0.0,0.0,0.0,0.0,0.0,0.0,0.0,0.0,0.0,0.0,0.0,0.0,0.0,0.0,0.0,0.0
A00075,dep,1,BICYCLE,7.53424,27.233333333333334,51.4945051,5.5036529,51.4998731,5.4332325,2025-05-17T18:16:46+02:00,2025-05-17T18:44:00+02:00,,,,,,,,,,,,,,,,,,,,,,,,,,,,,,,,,,,,,,,,,,,,,,,,,,,,,,,,,,,,,,,,,,,,,,,,,,,,,,,,,,27.233333333333334,7.53424,,,,,,,,,,,,,,,,,,,,,,,,,,,,,,,,,,,,,,,,,,,,,,0.0,0.0,0.0,0.0,0.0,0.0,0.0,0.0,0.0,0.0,0.0,0.0,0.0,0.0,0.0,0.0,0.0,0.0,0.0,0.0,0.0,0.0,0.0,0.0,0.0,0.0,0.0,0.0,0.0,0.0,0.0,0.0
A00076,dep,2,WALK,1.10565,14.016666666666667,53.3462464,5.8185556,53.340178,5.822959,2025-05-17T11:49:59+02:00,2025-05-17T12:04:00+02:00,BUS,18.972900000000003,25.0,53.340178,5.822959,53.19677,5.78907,2025-05-17T12:04:00+02:00,2025-05-17T12:29:00+02:00,WALK,0.50276,7.766666666666667,53.19677,5.78907,53.1959534,5.7914697,2025-05-17T12:29:00+02:00,2025-05-17T12:36:46+02:00,RAIL,181.57776,113.0,53.1959534,5.7914697,52.0899869,5.109934,2025-05-17T12:46:00+02:00,2025-05-17T14:39:00+02:00,WALK,0.19712000000000002,2.933333333333333,52.0899869,5.109934,52.0896856,5.1090611,2025-05-17T14:39:00+02:00,2025-05-17T14:41:56+02:00,RAIL,80.00296,49.0,52.0896856,5.1090611,51.4429706,5.4804289,2025-05-17T14:54:00+02:00,2025-05-17T15:43:00+02:00,WALK,0.45775,6.15,51.4429706,5.4804289,51.443663,5.478553,2025-05-17T15:43:00+02:00,2025-05-17T15:49:09+02:00,BUS,7.16484,17.0,51.443663,5.478553,51.497783,5.453287,2025-05-17T15:55:00+02:00,2025-05-17T16:12:00+02:00,WALK,2.39898,30.766666666666666,51.497783,5.453287,51.4998731,5.4332325,2025-05-17T16:12:00+02:00,2025-05-17T16:42:46+02:00,,,,,,,,,,265.6333333333333,292.38072,,,,,,,,,,,,,,,,,,,,,,,,,,,,,,,,,,,,,,,,,,,,,,0.0,1992.1545000000003,0.0,7444.688160000001,0.0,3280.12136,0.0,752.3081999999999,0.0,0.0,0.0,0.0,0.0,0.0,0.0,13469.272219999999,0.0,3.7945800000000007,0.0,27.236664,0.0,12.000444,0.0,1.432968,0.0,0.0,0.0,0.0,0.0,0.0,0.0,44.464656000000005
A00077,dep,1,BICYCLE,14.45095,52.8,51.4162502,5.5199831,51.4998731,5.4332325,2025-05-17T20:20:12+02:00,2025-05-17T21:13:00+02:00,,,,,,,,,,,,,,,,,,,,,,,,,,,,,,,,,,,,,,,,,,,,,,,,,,,,,,,,,,,,,,,,,,,,,,,,,,,,,,,,,,52.8,14.45095,,,,,,,,,,,,,,,,,,,,,,,,,,,,,,,,,,,,,,,,,,,,,,0.0,0.0,0.0,0.0,0.0,0.0,0.0,0.0,0.0,0.0,0.0,0.0,0.0,0.0,0.0,0.0,0.0,0.0,0.0,0.0,0.0,0.0,0.0,0.0,0.0,0.0,0.0,0.0,0.0,0.0,0.0,0.0
A00078,dep,1,BICYCLE,28.37146,100.18333333333334,51.5461215,5.0870885,51.4998731,5.4332325,2025-05-17T12:59:49+02:00,2025-05-17T14:40:00+02:00,,,,,,,,,,,,,,,,,,,,,,,,,,,,,,,,,,,,,,,,,,,,,,,,,,,,,,,,,,,,,,,,,,,,,,,,,,,,,,,,,,100.18333333333334,28.37146,,,,,,,,,,,,,,,,,,,,,,,,,,,,,,,,,,,,,,,,,,,,,,0.0,0.0,0.0,0.0,0.0,0.0,0.0,0.0,0.0,0.0,0.0,0.0,0.0,0.0,0.0,0.0,0.0,0.0,0.0,0.0,0.0,0.0,0.0,0.0,0.0,0.0,0.0,0.0,0.0,0.0,0.0,0.0
A00079,dep,1,BICYCLE,13.131020000000001,47.75,51.4177052,5.4618442,51.4998731,5.4332325,2025-05-17T14:48:15+02:00,2025-05-17T15:36:00+02:00,,,,,,,,,,,,,,,,,,,,,,,,,,,,,,,,,,,,,,,,,,,,,,,,,,,,,,,,,,,,,,,,,,,,,,,,,,,,,,,,,,47.75,13.131020000000001,,,,,,,,,,,,,,,,,,,,,,,,,,,,,,,,,,,,,,,,,,,,,,0.0,0.0,0.0,0.0,0.0,0.0,0.0,0.0,0.0,0.0,0.0,0.0,0.0,0.0,0.0,0.0,0.0,0.0,0.0,0.0,0.0,0.0,0.0,0.0,0.0,0.0,0.0,0.0,0.0,0.0,0.0,0.0
A00080,dep,1,BICYCLE,16.34243,57.55,51.4822794,5.6267508,51.4998731,5.4332325,2025-05-17T15:29:27+02:00,2025-05-17T16:27:00+02:00,,,,,,,,,,,,,,,,,,,,,,,,,,,,,,,,,,,,,,,,,,,,,,,,,,,,,,,,,,,,,,,,,,,,,,,,,,,,,,,,,,57.55,16.34243,,,,,,,,,,,,,,,,,,,,,,,,,,,,,,,,,,,,,,,,,,,,,,0.0,0.0,0.0,0.0,0.0,0.0,0.0,0.0,0.0,0.0,0.0,0.0,0.0,0.0,0.0,0.0,0.0,0.0,0.0,0.0,0.0,0.0,0.0,0.0,0.0,0.0,0.0,0.0,0.0,0.0,0.0,0.0
A00081,dep,1,WALK,2.92312,37.0,52.9496375,6.8245299,52.955334,6.789718,2025-05-17T14:05:00+02:00,2025-05-17T14:42:00+02:00,BUS,4.07473,8.0,52.955334,6.789718,52.923637,6.786294,2025-05-17T14:42:00+02:00,2025-05-17T14:50:00+02:00,WALK,0.21368,2.8833333333333333,52.923637,6.786294,52.92316,6.783817,2025-05-17T14:50:00+02:00,2025-05-17T14:52:53+02:00,BUS,20.45453,20.0,52.92316,6.783817,52.790529,6.899125,2025-05-17T15:09:00+02:00,2025-05-17T15:29:00+02:00,WALK,0.132,2.05,52.790529,6.899125,52.790637,6.8996286,2025-05-17T15:29:00+02:00,2025-05-17T15:31:03+02:00,RAIL,75.00341,57.0,52.790637,6.8996286,52.5047655,6.0932153,2025-05-17T15:41:00+02:00,2025-05-17T16:38:00+02:00,WALK,0.16293000000000002,2.45,52.5047655,6.0932153,52.504903,6.0914218,2025-05-17T16:38:00+02:00,2025-05-17T16:40:27+02:00,RAIL,87.86362,50.0,52.504903,6.0914218,52.0899869,5.109934,2025-05-17T16:49:00+02:00,2025-05-17T17:39:00+02:00,WALK,0.19712000000000002,2.933333333333333,52.0899869,5.109934,52.0896856,5.1090611,2025-05-17T17:39:00+02:00,2025-05-17T17:41:56+02:00,RAIL,80.00296,49.0,52.0896856,5.1090611,51.4429706,5.4804289,2025-05-17T17:54:00+02:00,2025-05-17T18:43:00+02:00,285.23333333333335,281.04967,WALK,0.45775,6.15,51.4429706,5.4804289,51.443663,5.478553,2025-05-17T18:43:00+02:00,2025-05-17T18:49:09+02:00,BUS,7.16484,17.0,51.443663,5.478553,51.497783,5.453287,2025-05-17T18:55:00+02:00,2025-05-17T19:12:00+02:00,WALK,2.39898,30.766666666666666,51.497783,5.453287,51.4998731,5.4332325,2025-05-17T19:12:00+02:00,2025-05-17T19:42:46+02:00,,,,,,,,,,,,,,,,,,,0.0,427.84664999999995,0.0,2147.72565,0.0,3075.13981,0.0,3602.4084199999998,0.0,3280.12136,0.0,752.3081999999999,0.0,0.0,0.0,13285.55009,0.0,0.814946,0.0,4.0909059999999995,0.0,11.2505115,0.0,13.179542999999999,0.0,12.000444,0.0,1.432968,0.0,0.0,0.0,42.7693185
A00082,dep,1,BICYCLE,5.9759899999999995,22.15,51.4666933,5.4530518,51.4998731,5.4332325,2025-05-17T13:48:51+02:00,2025-05-17T14:11:00+02:00,,,,,,,,,,,,,,,,,,,,,,,,,,,,,,,,,,,,,,,,,,,,,,,,,,,,,,,,,,,,,,,,,,,,,,,,,,,,,,,,,,22.15,5.9759899999999995,,,,,,,,,,,,,,,,,,,,,,,,,,,,,,,,,,,,,,,,,,,,,,0.0,0.0,0.0,0.0,0.0,0.0,0.0,0.0,0.0,0.0,0.0,0.0,0.0,0.0,0.0,0.0,0.0,0.0,0.0,0.0,0.0,0.0,0.0,0.0,0.0,0.0,0.0,0.0,0.0,0.0,0.0,0.0
A00083,dep,1,WALK,1.859,23.5,52.9108368,5.6977803,52.918935,5.720393,2025-05-17T12:56:30+02:00,2025-05-17T13:20:00+02:00,BUS,19.56928,28.0,52.918935,5.720393,52.960599,5.916883,2025-05-17T13:20:00+02:00,2025-05-17T13:48:00+02:00,WALK,0.13393,2.05,52.960599,5.916883,52.960715,5.9153277,2025-05-17T13:48:00+02:00,2025-05-17T13:50:03+02:00,RAIL,152.53244,96.0,52.960715,5.9153277,52.0899869,5.109934,2025-05-17T14:03:00+02:00,2025-05-17T15:39:00+02:00,WALK,0.19712000000000002,2.933333333333333,52.0899869,5.109934,52.0896856,5.1090611,2025-05-17T15:39:00+02:00,2025-05-17T15:41:56+02:00,RAIL,80.00296,49.0,52.0896856,5.1090611,51.4429706,5.4804289,2025-05-17T15:54:00+02:00,2025-05-17T16:43:00+02:00,WALK,0.45775,6.15,51.4429706,5.4804289,51.443663,5.478553,2025-05-17T16:43:00+02:00,2025-05-17T16:49:09+02:00,BUS,7.16484,17.0,51.443663,5.478553,51.497783,5.453287,2025-05-17T16:55:00+02:00,2025-05-17T17:12:00+02:00,WALK,2.39898,30.766666666666666,51.497783,5.453287,51.4998731,5.4332325,2025-05-17T17:12:00+02:00,2025-05-17T17:42:46+02:00,,,,,,,,,,255.40000000000003,264.3163,,,,,,,,,,,,,,,,,,,,,,,,,,,,,,,,,,,,,,,,,,,,,,0.0,2054.7744,0.0,6253.830040000001,0.0,3280.12136,0.0,752.3081999999999,0.0,0.0,0.0,0.0,0.0,0.0,0.0,12341.034,0.0,3.913856,0.0,22.879866,0.0,12.000444,0.0,1.432968,0.0,0.0,0.0,0.0,0.0,0.0,0.0,40.227134
A00084,dep,1,BICYCLE,4.89114,18.083333333333332,51.481549,5.397069,51.4998731,5.4332325,2025-05-17T21:07:55+02:00,2025-05-17T21:26:00+02:00,,,,,,,,,,,,,,,,,,,,,,,,,,,,,,,,,,,,,,,,,,,,,,,,,,,,,,,,,,,,,,,,,,,,,,,,,,,,,,,,,,18.083333333333332,4.89114,,,,,,,,,,,,,,,,,,,,,,,,,,,,,,,,,,,,,,,,,,,,,,0.0,0.0,0.0,0.0,0.0,0.0,0.0,0.0,0.0,0.0,0.0,0.0,0.0,0.0,0.0,0.0,0.0,0.0,0.0,0.0,0.0,0.0,0.0,0.0,0.0,0.0,0.0,0.0,0.0,0.0,0.0,0.0
A00085,dep,2,WALK,0.79748,10.183333333333334,51.9897055,6.2543432,51.990214,6.247453,2025-05-17T13:06:49+02:00,2025-05-17T13:17:00+02:00,BUS,31.8111,59.0,51.990214,6.247453,51.983535,5.901448,2025-05-17T13:17:00+02:00,2025-05-17T14:16:00+02:00,WALK,0.24356,3.283333333333333,51.983535,5.901448,51.9849832,5.9002771,2025-05-17T14:16:00+02:00,2025-05-17T14:19:17+02:00,RAIL,61.79498,43.0,51.9849832,5.9002771,51.6915202,5.293636,2025-05-17T14:23:00+02:00,2025-05-17T15:06:00+02:00,WALK,0.22147999999999998,3.0166666666666666,51.6915202,5.293636,51.6915029,5.2937575,2025-05-17T15:06:00+02:00,2025-05-17T15:09:01+02:00,RAIL,32.07784,19.0,51.6915029,5.2937575,51.4429706,5.4804289,2025-05-17T15:24:00+02:00,2025-05-17T15:43:00+02:00,WALK,0.45775,6.15,51.4429706,5.4804289,51.443663,5.478553,2025-05-17T15:43:00+02:00,2025-05-17T15:49:09+02:00,BUS,7.16484,17.0,51.443663,5.478553,51.497783,5.453287,2025-05-17T15:55:00+02:00,2025-05-17T16:12:00+02:00,WALK,2.39898,30.766666666666666,51.497783,5.453287,51.4998731,5.4332325,2025-05-17T16:12:00+02:00,2025-05-17T16:42:46+02:00,,,,,,,,,,191.40000000000003,136.96801,,,,,,,,,,,,,,,,,,,,,,,,,,,,,,,,,,,,,,,,,,,,,,0.0,3340.1655,0.0,2533.59418,0.0,1315.19144,0.0,752.3081999999999,0.0,0.0,0.0,0.0,0.0,0.0,0.0,7941.259319999999,0.0,6.362220000000001,0.0,9.269247,0.0,4.811676,0.0,1.432968,0.0,0.0,0.0,0.0,0.0,0.0,0.0,21.876110999999998
A00086,dep,1,CAR,131.30166,84.71666666666667,52.3777051,5.9158091,51.4998731,5.4332325,2025-05-17T15:39:17+02:00,2025-05-17T17:04:00+02:00,,,,,,,,,,,,,,,,,,,,,,,,,,,,,,,,,,,,,,,,,,,,,,,,,,,,,,,,,,,,,,,,,,,,,,,,,,,,,,,,,,84.71666666666667,131.30166,,,,,,,,,,,,,,,,,,,,,,,,,,,,,,,,,,,,,,,,,,,,,,25209.91872,0.0,0.0,0.0,0.0,0.0,0.0,0.0,0.0,0.0,0.0,0.0,0.0,0.0,0.0,25209.91872,55.8032055,0.0,0.0,0.0,0.0,0.0,0.0,0.0,0.0,0.0,0.0,0.0,0.0,0.0,0.0,55.8032055
A00087,dep,1,BICYCLE,33.6719,118.98333333333333,51.2954069,5.6414187,51.4998731,5.4332325,2025-05-17T13:12:01+02:00,2025-05-17T15:11:00+02:00,,,,,,,,,,,,,,,,,,,,,,,,,,,,,,,,,,,,,,,,,,,,,,,,,,,,,,,,,,,,,,,,,,,,,,,,,,,,,,,,,,118.98333333333333,33.6719,,,,,,,,,,,,,,,,,,,,,,,,,,,,,,,,,,,,,,,,,,,,,,0.0,0.0,0.0,0.0,0.0,0.0,0.0,0.0,0.0,0.0,0.0,0.0,0.0,0.0,0.0,0.0,0.0,0.0,0.0,0.0,0.0,0.0,0.0,0.0,0.0,0.0,0.0,0.0,0.0,0.0,0.0,0.0
A00088,dep,1,BICYCLE,28.123639999999998,99.46666666666667,51.5227601,5.1315558,51.4998731,5.4332325,2025-05-17T14:29:32+02:00,2025-05-17T16:09:00+02:00,,,,,,,,,,,,,,,,,,,,,,,,,,,,,,,,,,,,,,,,,,,,,,,,,,,,,,,,,,,,,,,,,,,,,,,,,,,,,,,,,,99.46666666666667,28.123639999999998,,,,,,,,,,,,,,,,,,,,,,,,,,,,,,,,,,,,,,,,,,,,,,0.0,0.0,0.0,0.0,0.0,0.0,0.0,0.0,0.0,0.0,0.0,0.0,0.0,0.0,0.0,0.0,0.0,0.0,0.0,0.0,0.0,0.0,0.0,0.0,0.0,0.0,0.0,0.0,0.0,0.0,0.0,0.0
A00089,dep,2,WALK,2.28529,29.433333333333334,52.3368082,6.0065654,52.338442,5.981167,2025-05-17T10:34:34+02:00,2025-05-17T11:04:00+02:00,BUS,17.29902,33.0,52.338442,5.981167,52.209554,5.97061,2025-05-17T11:04:00+02:00,2025-05-17T11:37:00+02:00,WALK,0.09669,1.4833333333333334,52.209554,5.97061,52.209441,5.9693366,2025-05-17T11:37:00+02:00,2025-05-17T11:38:29+02:00,RAIL,64.69368,39.0,52.209441,5.9693366,52.0899869,5.109934,2025-05-17T11:44:00+02:00,2025-05-17T12:23:00+02:00,WALK,0.19712000000000002,2.933333333333333,52.0899869,5.109934,52.0896856,5.1090611,2025-05-17T12:23:00+02:00,2025-05-17T12:25:56+02:00,RAIL,80.00296,47.0,52.0896856,5.1090611,51.4428473,5.4804826,2025-05-17T12:39:00+02:00,2025-05-17T13:26:00+02:00,WALK,0.45792,6.15,51.4428473,5.4804826,51.443663,5.478553,2025-05-17T13:26:00+02:00,2025-05-17T13:32:09+02:00,BUS,7.16484,17.0,51.443663,5.478553,51.497783,5.453287,2025-05-17T13:40:00+02:00,2025-05-17T13:57:00+02:00,WALK,2.39898,30.766666666666666,51.497783,5.453287,51.4998731,5.4332325,2025-05-17T13:57:00+02:00,2025-05-17T14:27:46+02:00,,,,,,,,,,206.7666666666667,174.5965,,,,,,,,,,,,,,,,,,,,,,,,,,,,,,,,,,,,,,,,,,,,,,0.0,1816.3971,0.0,2652.44088,0.0,3280.12136,0.0,752.3081999999999,0.0,0.0,0.0,0.0,0.0,0.0,0.0,8501.26754,0.0,3.459804,0.0,9.704051999999999,0.0,12.000444,0.0,1.432968,0.0,0.0,0.0,0.0,0.0,0.0,0.0,26.597267999999996
A00090,dep,1,WALK,2.03947,26.883333333333333,52.0592561,6.1048301,52.0447706,6.1029804,2025-05-17T10:40:07+02:00,2025-05-17T11:07:00+02:00,RAIL,77.94439,59.0,52.0447706,6.1029804,51.6915202,5.293636,2025-05-17T11:07:00+02:00,2025-05-17T12:06:00+02:00,WALK,0.22147999999999998,3.0166666666666666,51.6915202,5.293636,51.6915029,5.2937575,2025-05-17T12:06:00+02:00,2025-05-17T12:09:01+02:00,RAIL,32.07784,19.0,51.6915029,5.2937575,51.4429706,5.4804289,2025-05-17T12:24:00+02:00,2025-05-17T12:43:00+02:00,WALK,0.45775,6.15,51.4429706,5.4804289,51.443663,5.478553,2025-05-17T12:43:00+02:00,2025-05-17T12:49:09+02:00,BUS,7.16484,17.0,51.443663,5.478553,51.497783,5.453287,2025-05-17T12:55:00+02:00,2025-05-17T13:12:00+02:00,WALK,2.39898,30.766666666666666,51.497783,5.453287,51.4998731,5.4332325,2025-05-17T13:12:00+02:00,2025-05-17T13:42:46+02:00,,,,,,,,,,,,,,,,,,,,,,,,,,,,161.81666666666666,122.30474999999998,,,,,,,,,,,,,,,,,,,,,,,,,,,,,,,,,,,,,,,,,,,,,,0.0,3195.71999,0.0,1315.19144,0.0,752.3081999999999,0.0,0.0,0.0,0.0,0.0,0.0,0.0,0.0,0.0,5263.21963,0.0,11.691658499999999,0.0,4.811676,0.0,1.432968,0.0,0.0,0.0,0.0,0.0,0.0,0.0,0.0,0.0,17.9363025
A00091,dep,1,BICYCLE,9.98659,36.13333333333333,51.4369216,5.4828788,51.4998731,5.4332325,2025-05-17T14:22:52+02:00,2025-05-17T14:59:00+02:00,,,,,,,,,,,,,,,,,,,,,,,,,,,,,,,,,,,,,,,,,,,,,,,,,,,,,,,,,,,,,,,,,,,,,,,,,,,,,,,,,,36.13333333333333,9.98659,,,,,,,,,,,,,,,,,,,,,,,,,,,,,,,,,,,,,,,,,,,,,,0.0,0.0,0.0,0.0,0.0,0.0,0.0,0.0,0.0,0.0,0.0,0.0,0.0,0.0,0.0,0.0,0.0,0.0,0.0,0.0,0.0,0.0,0.0,0.0,0.0,0.0,0.0,0.0,0.0,0.0,0.0,0.0
A00092,dep,1,WALK,0.49419,6.283333333333333,52.7254513,4.8359967,52.729426,4.834604,2025-05-17T12:41:43+02:00,2025-05-17T12:48:00+02:00,BUS,7.55474,8.0,52.729426,4.834604,52.784045,4.809058,2025-05-17T12:48:00+02:00,2025-05-17T12:56:00+02:00,WALK,0.52616,7.466666666666667,52.784045,4.809058,52.7852322,4.8051953,2025-05-17T12:56:00+02:00,2025-05-17T13:03:28+02:00,RAIL,101.33897999999999,89.0,52.7852322,4.8051953,52.0896411,5.1089108,2025-05-17T13:22:00+02:00,2025-05-17T14:51:00+02:00,WALK,0.05274,0.7833333333333333,52.0896411,5.1089108,52.0896856,5.1090611,2025-05-17T14:51:00+02:00,2025-05-17T14:51:47+02:00,RAIL,80.00296,49.0,52.0896856,5.1090611,51.4429706,5.4804289,2025-05-17T14:54:00+02:00,2025-05-17T15:43:00+02:00,WALK,0.45775,6.15,51.4429706,5.4804289,51.443663,5.478553,2025-05-17T15:43:00+02:00,2025-05-17T15:49:09+02:00,BUS,7.16484,17.0,51.443663,5.478553,51.497783,5.453287,2025-05-17T15:55:00+02:00,2025-05-17T16:12:00+02:00,WALK,2.39898,30.766666666666666,51.497783,5.453287,51.4998731,5.4332325,2025-05-17T16:12:00+02:00,2025-05-17T16:42:46+02:00,,,,,,,,,,214.45,199.99133999999998,,,,,,,,,,,,,,,,,,,,,,,,,,,,,,,,,,,,,,,,,,,,,,0.0,793.2477,0.0,4154.89818,0.0,3280.12136,0.0,752.3081999999999,0.0,0.0,0.0,0.0,0.0,0.0,0.0,8980.57544,0.0,1.510948,0.0,15.200846999999998,0.0,12.000444,0.0,1.432968,0.0,0.0,0.0,0.0,0.0,0.0,0.0,30.145206999999996
A00093,dep,1,WALK,0.38149,4.9,52.2635683,4.7115067,52.261584,4.712064,2025-05-17T12:10:06+02:00,2025-05-17T12:15:00+02:00,BUS,6.3960799999999995,5.0,52.261584,4.712064,52.292264,4.698757,2025-05-17T12:15:00+02:00,2025-05-17T12:20:00+02:00,WALK,0.24227,5.3,52.292264,4.698757,52.292688,4.6989009,2025-05-17T12:20:00+02:00,2025-05-17T12:25:18+02:00,RAIL,13.70455,12.0,52.292688,4.6989009,52.3386891,4.8728394,2025-05-17T12:37:00+02:00,2025-05-17T12:49:00+02:00,WALK,0.04822,0.7333333333333333,52.3386891,4.8728394,52.3387456,4.8728361,2025-05-17T12:49:00+02:00,2025-05-17T12:49:44+02:00,RAIL,115.50677999999999,77.0,52.3387456,4.8728361,51.4429706,5.4804289,2025-05-17T12:56:00+02:00,2025-05-17T14:13:00+02:00,WALK,0.45775,6.15,51.4429706,5.4804289,51.443663,5.478553,2025-05-17T14:13:00+02:00,2025-05-17T14:19:09+02:00,BUS,7.16484,17.0,51.443663,5.478553,51.497783,5.453287,2025-05-17T14:25:00+02:00,2025-05-17T14:42:00+02:00,WALK,2.39898,30.766666666666666,51.497783,5.453287,51.4998731,5.4332325,2025-05-17T14:42:00+02:00,2025-05-17T15:12:46+02:00,,,,,,,,,,158.85000000000002,146.30095999999998,,,,,,,,,,,,,,,,,,,,,,,,,,,,,,,,,,,,,,,,,,,,,,0.0,671.5884,0.0,561.8865499999999,0.0,4735.77798,0.0,752.3081999999999,0.0,0.0,0.0,0.0,0.0,0.0,0.0,6721.56113,0.0,1.279216,0.0,2.0556824999999996,0.0,17.326016999999997,0.0,1.432968,0.0,0.0,0.0,0.0,0.0,0.0,0.0,22.093883499999993
A00094,dep,2,WALK,2.60144,33.3,52.0664641,4.668532,52.077537,4.6466774,2025-05-17T14:11:42+02:00,2025-05-17T14:45:00+02:00,RAIL,11.67597,17.0,52.077537,4.6466774,52.0177605,4.7056675,2025-05-17T14:45:00+02:00,2025-05-17T15:02:00+02:00,WALK,0.13369999999999999,2.9166666666666665,52.0177605,4.7056675,52.0172917,4.7056782,2025-05-17T15:02:00+02:00,2025-05-17T15:04:55+02:00,RAIL,32.298880000000004,18.0,52.0172917,4.7056782,52.0898953,5.1096518,2025-05-17T15:09:00+02:00,2025-05-17T15:27:00+02:00,WALK,0.17342,2.6333333333333333,52.0898953,5.1096518,52.0896856,5.1090611,2025-05-17T15:27:00+02:00,2025-05-17T15:29:38+02:00,RAIL,80.00296,47.0,52.0896856,5.1090611,51.4428473,5.4804826,2025-05-17T15:39:00+02:00,2025-05-17T16:26:00+02:00,WALK,0.45792,6.15,51.4428473,5.4804826,51.443663,5.478553,2025-05-17T16:26:00+02:00,2025-05-17T16:32:09+02:00,BUS,7.16484,17.0,51.443663,5.478553,51.497783,5.453287,2025-05-17T16:40:00+02:00,2025-05-17T16:57:00+02:00,WALK,2.39898,30.766666666666666,51.497783,5.453287,51.4998731,5.4332325,2025-05-17T16:57:00+02:00,2025-05-17T17:27:46+02:00,,,,,,,,,,174.76666666666665,136.90811,,,,,,,,,,,,,,,,,,,,,,,,,,,,,,,,,,,,,,,,,,,,,,0.0,478.71477,0.0,1324.2540800000002,0.0,3280.12136,0.0,752.3081999999999,0.0,0.0,0.0,0.0,0.0,0.0,0.0,5835.39841,0.0,1.7513954999999999,0.0,4.844832,0.0,12.000444,0.0,1.432968,0.0,0.0,0.0,0.0,0.0,0.0,0.0,20.0296395
A00095,dep,2,WALK,1.04024,13.416666666666666,51.9977995,4.536631,52.006073,4.539364,2025-05-17T13:14:23+02:00,2025-05-17T13:27:48+02:00,BUS,7.52792,17.116666666666667,52.006073,4.539364,51.975637,4.46178,2025-05-17T13:27:48+02:00,2025-05-17T13:44:55+02:00,WALK,0.23879,5.6,51.975637,4.46178,51.974849,4.460966,2025-05-17T13:44:55+02:00,2025-05-17T13:50:31+02:00,SUBWAY,6.10283,9.0,51.974849,4.460966,51.923953,4.469997,2025-05-17T13:59:00+02:00,2025-05-17T14:08:00+02:00,WALK,0.16722,4.883333333333334,51.923953,4.469997,51.9245886,4.4687319,2025-05-17T14:08:00+02:00,2025-05-17T14:12:53+02:00,RAIL,45.57508,22.0,51.9245886,4.4687319,51.5953195,4.7798528,2025-05-17T14:23:00+02:00,2025-05-17T14:45:00+02:00,WALK,0.11634,1.5833333333333333,51.5953195,4.7798528,51.5952352,4.7798535,2025-05-17T14:45:00+02:00,2025-05-17T14:46:35+02:00,RAIL,21.468310000000002,13.0,51.5952352,4.7798535,51.5605611,5.0836317,2025-05-17T14:49:00+02:00,2025-05-17T15:02:00+02:00,RAIL,26.528389999999998,20.0,51.5605611,5.0836317,51.5103853,5.3884822,2025-05-17T15:08:00+02:00,2025-05-17T15:28:00+02:00,WALK,0.3326,4.85,51.5103853,5.3884822,51.510017,5.388512,2025-05-17T15:28:00+02:00,2025-05-17T15:32:51+02:00,144.25,115.52604,BUS,4.659020000000001,10.0,51.510017,5.388512,51.500306,5.414579,2025-05-17T15:49:00+02:00,2025-05-17T15:59:00+02:00,WALK,1.7692999999999999,22.8,51.500306,5.414579,51.4998731,5.4332325,2025-05-17T15:59:00+02:00,2025-05-17T16:21:48+02:00,,,,,,,,,,,,,,,,,,,,,,,,,,,,0.0,790.4316,0.0,427.1981,0.0,1868.57828,0.0,880.2007100000001,1087.66399,0.0,489.1971000000001,0.0,0.0,0.0,0.0,5543.2697800000005,0.0,1.505584,0.0,1.220566,0.0,6.836262,0.0,3.2202465000000005,3.9792584999999994,0.0,0.9318040000000002,0.0,0.0,0.0,0.0,17.693721
A00096,dep,1,BICYCLE,13.06418,46.05,51.4198286,5.4045687,51.4998731,5.4332325,2025-05-17T17:59:57+02:00,2025-05-17T18:46:00+02:00,,,,,,,,,,,,,,,,,,,,,,,,,,,,,,,,,,,,,,,,,,,,,,,,,,,,,,,,,,,,,,,,,,,,,,,,,,,,,,,,,,46.05,13.06418,,,,,,,,,,,,,,,,,,,,,,,,,,,,,,,,,,,,,,,,,,,,,,0.0,0.0,0.0,0.0,0.0,0.0,0.0,0.0,0.0,0.0,0.0,0.0,0.0,0.0,0.0,0.0,0.0,0.0,0.0,0.0,0.0,0.0,0.0,0.0,0.0,0.0,0.0,0.0,0.0,0.0,0.0,0.0
A00097,dep,1,BICYCLE,18.83936,66.98333333333333,51.469602,5.6478159,51.4998731,5.4332325,2025-05-17T14:21:01+02:00,2025-05-17T15:28:00+02:00,,,,,,,,,,,,,,,,,,,,,,,,,,,,,,,,,,,,,,,,,,,,,,,,,,,,,,,,,,,,,,,,,,,,,,,,,,,,,,,,,,66.98333333333333,18.83936,,,,,,,,,,,,,,,,,,,,,,,,,,,,,,,,,,,,,,,,,,,,,,0.0,0.0,0.0,0.0,0.0,0.0,0.0,0.0,0.0,0.0,0.0,0.0,0.0,0.0,0.0,0.0,0.0,0.0,0.0,0.0,0.0,0.0,0.0,0.0,0.0,0.0,0.0,0.0,0.0,0.0,0.0,0.0
A00098,dep,1,BICYCLE,0.8651,3.966666666666667,51.4979798,5.4242373,51.4998731,5.4332325,2025-05-17T21:21:02+02:00,2025-05-17T21:25:00+02:00,,,,,,,,,,,,,,,,,,,,,,,,,,,,,,,,,,,,,,,,,,,,,,,,,,,,,,,,,,,,,,,,,,,,,,,,,,,,,,,,,,3.966666666666667,0.8651,,,,,,,,,,,,,,,,,,,,,,,,,,,,,,,,,,,,,,,,,,,,,,0.0,0.0,0.0,0.0,0.0,0.0,0.0,0.0,0.0,0.0,0.0,0.0,0.0,0.0,0.0,0.0,0.0,0.0,0.0,0.0,0.0,0.0,0.0,0.0,0.0,0.0,0.0,0.0,0.0,0.0,0.0,0.0
A00099,dep,1,BICYCLE,11.848040000000001,42.15,51.4293214,5.4136394,51.4998731,5.4332325,2025-05-17T17:16:51+02:00,2025-05-17T17:59:00+02:00,,,,,,,,,,,,,,,,,,,,,,,,,,,,,,,,,,,,,,,,,,,,,,,,,,,,,,,,,,,,,,,,,,,,,,,,,,,,,,,,,,42.15,11.848040000000001,,,,,,,,,,,,,,,,,,,,,,,,,,,,,,,,,,,,,,,,,,,,,,0.0,0.0,0.0,0.0,0.0,0.0,0.0,0.0,0.0,0.0,0.0,0.0,0.0,0.0,0.0,0.0,0.0,0.0,0.0,0.0,0.0,0.0,0.0,0.0,0.0,0.0,0.0,0.0,0.0,0.0,0.0,0.0
A00100,dep,1,WALK,1.546,19.616666666666667,52.9613021,6.0431786,52.9631,6.026956,2025-05-17T09:15:23+02:00,2025-05-17T09:35:00+02:00,BUS,9.89918,20.0,52.9631,6.026956,52.960108,5.917032,2025-05-17T09:35:00+02:00,2025-05-17T09:55:00+02:00,WALK,0.16032,2.4,52.960108,5.917032,52.960715,5.9153277,2025-05-17T09:55:00+02:00,2025-05-17T09:57:24+02:00,RAIL,152.53244,96.0,52.960715,5.9153277,52.0899869,5.109934,2025-05-17T10:03:00+02:00,2025-05-17T11:39:00+02:00,WALK,0.19712000000000002,2.933333333333333,52.0899869,5.109934,52.0896856,5.1090611,2025-05-17T11:39:00+02:00,2025-05-17T11:41:56+02:00,RAIL,80.00296,49.0,52.0896856,5.1090611,51.4429706,5.4804289,2025-05-17T11:54:00+02:00,2025-05-17T12:43:00+02:00,WALK,0.45775,6.15,51.4429706,5.4804289,51.443663,5.478553,2025-05-17T12:43:00+02:00,2025-05-17T12:49:09+02:00,BUS,7.16484,17.0,51.443663,5.478553,51.497783,5.453287,2025-05-17T12:55:00+02:00,2025-05-17T13:12:00+02:00,WALK,2.39898,30.766666666666666,51.497783,5.453287,51.4998731,5.4332325,2025-05-17T13:12:00+02:00,2025-05-17T13:42:46+02:00,,,,,,,,,,243.86666666666667,254.35959000000003,,,,,,,,,,,,,,,,,,,,,,,,,,,,,,,,,,,,,,,,,,,,,,0.0,1039.4139,0.0,6253.830040000001,0.0,3280.12136,0.0,752.3081999999999,0.0,0.0,0.0,0.0,0.0,0.0,0.0,11325.6735,0.0,1.979836,0.0,22.879866,0.0,12.000444,0.0,1.432968,0.0,0.0,0.0,0.0,0.0,0.0,0.0,38.293114
