attendee_id,direction,trip_option,leg1_mode,leg1_length,leg1_duration,leg2_mode,leg2_length,leg2_duration,leg3_mode,leg3_length,leg3_duration,leg4_mode,leg4_length,leg4_duration,leg5_mode,leg5_length,leg5_duration,leg6_mode,leg6_length,leg6_duration,leg7_mode,leg7_length,leg7_duration,leg8_mode,leg8_length,leg8_duration,leg9_mode,leg9_length,leg9_duration,leg10_mode,leg10_length,leg10_duration,leg11_mode,leg11_length,leg11_duration,leg12_mode,leg12_length,leg12_duration,leg13_mode,leg13_length,leg13_duration,leg14_mode,leg14_length,leg14_duration,leg15_mode,leg15_length,leg15_duration,total_duration,total_length,leg1_carbon,leg2_carbon,leg3_carbon,leg4_carbon,leg5_carbon,leg6_carbon,leg7_carbon,leg8_carbon,leg9_carbon,leg10_carbon,leg11_carbon,leg12_carbon,leg13_carbon,leg14_carbon,leg15_carbon,calculated_total_carbon_footprint,leg1_cost,leg2_cost,leg3_cost,leg4_cost,leg5_cost,leg6_cost,leg7_cost,leg8_cost,leg9_cost,leg10_cost,leg11_cost,leg12_cost,leg13_cost,leg14_cost,leg15_cost,calculated_total_cost
A00001,dep,1,CAR,178.48072,114.18333333333334,,,,,,,,,,,,,,,,,,,,,,,,,,,,,,,,,,,,,,,,,,,114.18333333333334,178.48072,34268.29824,0.0,0.0,0.0,0.0,0.0,0.0,0.0,0.0,0.0,0.0,0.0,0.0,0.0,0.0,34268.29824,75.854306,0.0,0.0,0.0,0.0,0.0,0.0,0.0,0.0,0.0,0.0,0.0,0.0,0.0,0.0,75.854306
A00002,dep,1,CAR,9.4738,15.05,,,,,,,,,,,,,,,,,,,,,,,,,,,,,,,,,,,,,,,,,,,15.05,9.4738,1818.9696000000001,0.0,0.0,0.0,0.0,0.0,0.0,0.0,0.0,0.0,0.0,0.0,0.0,0.0,0.0,1818.9696000000001,4.026365,0.0,0.0,0.0,0.0,0.0,0.0,0.0,0.0,0.0,0.0,0.0,0.0,0.0,0.0,4.026365
A00003,dep,1,CAR,4.72561,8.216666666666667,,,,,,,,,,,,,,,,,,,,,,,,,,,,,,,,,,,,,,,,,,,8.216666666666667,4.72561,907.3171199999999,0.0,0.0,0.0,0.0,0.0,0.0,0.0,0.0,0.0,0.0,0.0,0.0,0.0,0.0,907.3171199999999,2.0083842499999998,0.0,0.0,0.0,0.0,0.0,0.0,0.0,0.0,0.0,0.0,0.0,0.0,0.0,0.0,2.0083842499999998
A00004,dep,1,CAR,39.57232,30.366666666666667,,,,,,,,,,,,,,,,,,,,,,,,,,,,,,,,,,,,,,,,,,,30.366666666666667,39.57232,7597.88544,0.0,0.0,0.0,0.0,0.0,0.0,0.0,0.0,0.0,0.0,0.0,0.0,0.0,0.0,7597.88544,16.818236,0.0,0.0,0.0,0.0,0.0,0.0,0.0,0.0,0.0,0.0,0.0,0.0,0.0,0.0,16.818236
A00005,dep,1,CAR,19.58674,21.35,,,,,,,,,,,,,,,,,,,,,,,,,,,,,,,,,,,,,,,,,,,21.35,19.58674,3760.65408,0.0,0.0,0.0,0.0,0.0,0.0,0.0,0.0,0.0,0.0,0.0,0.0,0.0,0.0,3760.65408,8.3243645,0.0,0.0,0.0,0.0,0.0,0.0,0.0,0.0,0.0,0.0,0.0,0.0,0.0,0.0,8.3243645
A00006,dep,1,CAR,246.1795,164.0,,,,,,,,,,,,,,,,,,,,,,,,,,,,,,,,,,,,,,,,,,,164.0,246.1795,47266.464,0.0,0.0,0.0,0.0,0.0,0.0,0.0,0.0,0.0,0.0,0.0,0.0,0.0,0.0,47266.464,104.62628749999999,0.0,0.0,0.0,0.0,0.0,0.0,0.0,0.0,0.0,0.0,0.0,0.0,0.0,0.0,104.62628749999999
A00007,dep,1,CAR,5.2286,8.116666666666667,,,,,,,,,,,,,,,,,,,,,,,,,,,,,,,,,,,,,,,,,,,8.116666666666667,5.2286,1003.8912,0.0,0.0,0.0,0.0,0.0,0.0,0.0,0.0,0.0,0.0,0.0,0.0,0.0,0.0,1003.8912,2.222155,0.0,0.0,0.0,0.0,0.0,0.0,0.0,0.0,0.0,0.0,0.0,0.0,0.0,0.0,2.222155
A00008,dep,1,CAR,174.52065,110.48333333333332,,,,,,,,,,,,,,,,,,,,,,,,,,,,,,,,,,,,,,,,,,,110.48333333333332,174.52065,33507.9648,0.0,0.0,0.0,0.0,0.0,0.0,0.0,0.0,0.0,0.0,0.0,0.0,0.0,0.0,33507.9648,74.17127624999999,0.0,0.0,0.0,0.0,0.0,0.0,0.0,0.0,0.0,0.0,0.0,0.0,0.0,0.0,74.17127624999999
A00009,dep,1,CAR,15.230379999999998,16.1,,,,,,,,,,,,,,,,,,,,,,,,,,,,,,,,,,,,,,,,,,,16.1,15.230379999999998,2924.23296,0.0,0.0,0.0,0.0,0.0,0.0,0.0,0.0,0.0,0.0,0.0,0.0,0.0,0.0,2924.23296,6.4729114999999995,0.0,0.0,0.0,0.0,0.0,0.0,0.0,0.0,0.0,0.0,0.0,0.0,0.0,0.0,6.4729114999999995
A00010,dep,1,CAR,16.09131,16.283333333333335,,,,,,,,,,,,,,,,,,,,,,,,,,,,,,,,,,,,,,,,,,,16.283333333333335,16.09131,3089.53152,0.0,0.0,0.0,0.0,0.0,0.0,0.0,0.0,0.0,0.0,0.0,0.0,0.0,0.0,3089.53152,6.83880675,0.0,0.0,0.0,0.0,0.0,0.0,0.0,0.0,0.0,0.0,0.0,0.0,0.0,0.0,6.83880675
A00011,dep,1,CAR,8.69745,8.883333333333333,,,,,,,,,,,,,,,,,,,,,,,,,,,,,,,,,,,,,,,,,,,8.883333333333333,8.69745,1669.9104,0.0,0.0,0.0,0.0,0.0,0.0,0.0,0.0,0.0,0.0,0.0,0.0,0.0,0.0,1669.9104,3.69641625,0.0,0.0,0.0,0.0,0.0,0.0,0.0,0.0,0.0,0.0,0.0,0.0,0.0,0.0,3.69641625
A00012,dep,1,CAR,108.3674,68.26666666666667,,,,,,,,,,,,,,,,,,,,,,,,,,,,,,,,,,,,,,,,,,,68.26666666666667,108.3674,20806.540800000002,0.0,0.0,0.0,0.0,0.0,0.0,0.0,0.0,0.0,0.0,0.0,0.0,0.0,0.0,20806.540800000002,46.056145,0.0,0.0,0.0,0.0,0.0,0.0,0.0,0.0,0.0,0.0,0.0,0.0,0.0,0.0,46.056145
A00013,dep,1,CAR,111.43521,75.93333333333334,,,,,,,,,,,,,,,,,,,,,,,,,,,,,,,,,,,,,,,,,,,75.93333333333334,111.43521,21395.56032,0.0,0.0,0.0,0.0,0.0,0.0,0.0,0.0,0.0,0.0,0.0,0.0,0.0,0.0,21395.56032,47.35996425,0.0,0.0,0.0,0.0,0.0,0.0,0.0,0.0,0.0,0.0,0.0,0.0,0.0,0.0,47.35996425
A00014,dep,1,CAR,62.23338,44.65,,,,,,,,,,,,,,,,,,,,,,,,,,,,,,,,,,,,,,,,,,,44.65,62.23338,11948.808959999998,0.0,0.0,0.0,0.0,0.0,0.0,0.0,0.0,0.0,0.0,0.0,0.0,0.0,0.0,11948.808959999998,26.4491865,0.0,0.0,0.0,0.0,0.0,0.0,0.0,0.0,0.0,0.0,0.0,0.0,0.0,0.0,26.4491865
A00015,dep,1,CAR,212.48646,132.06666666666666,,,,,,,,,,,,,,,,,,,,,,,,,,,,,,,,,,,,,,,,,,,132.06666666666666,212.48646,40797.40032,0.0,0.0,0.0,0.0,0.0,0.0,0.0,0.0,0.0,0.0,0.0,0.0,0.0,0.0,40797.40032,90.30674549999999,0.0,0.0,0.0,0.0,0.0,0.0,0.0,0.0,0.0,0.0,0.0,0.0,0.0,0.0,90.30674549999999
A00016,dep,1,CAR,30.92713,22.75,,,,,,,,,,,,,,,,,,,,,,,,,,,,,,,,,,,,,,,,,,,22.75,30.92713,5938.008959999999,0.0,0.0,0.0,0.0,0.0,0.0,0.0,0.0,0.0,0.0,0.0,0.0,0.0,0.0,5938.008959999999,13.144030249999998,0.0,0.0,0.0,0.0,0.0,0.0,0.0,0.0,0.0,0.0,0.0,0.0,0.0,0.0,13.144030249999998
A00017,dep,1,CAR,49.79694,38.73333333333333,,,,,,,,,,,,,,,,,,,,,,,,,,,,,,,,,,,,,,,,,,,38.73333333333333,49.79694,9561.01248,0.0,0.0,0.0,0.0,0.0,0.0,0.0,0.0,0.0,0.0,0.0,0.0,0.0,0.0,9561.01248,21.1636995,0.0,0.0,0.0,0.0,0.0,0.0,0.0,0.0,0.0,0.0,0.0,0.0,0.0,0.0,21.1636995
A00018,dep,1,CAR,16.14047,16.683333333333334,,,,,,,,,,,,,,,,,,,,,,,,,,,,,,,,,,,,,,,,,,,16.683333333333334,16.14047,3098.97024,0.0,0.0,0.0,0.0,0.0,0.0,0.0,0.0,0.0,0.0,0.0,0.0,0.0,0.0,3098.97024,6.85969975,0.0,0.0,0.0,0.0,0.0,0.0,0.0,0.0,0.0,0.0,0.0,0.0,0.0,0.0,6.85969975
A00019,dep,1,CAR,68.42064,46.0,,,,,,,,,,,,,,,,,,,,,,,,,,,,,,,,,,,,,,,,,,,46.0,68.42064,13136.762880000002,0.0,0.0,0.0,0.0,0.0,0.0,0.0,0.0,0.0,0.0,0.0,0.0,0.0,0.0,13136.762880000002,29.078772,0.0,0.0,0.0,0.0,0.0,0.0,0.0,0.0,0.0,0.0,0.0,0.0,0.0,0.0,29.078772
A00020,dep,1,CAR,2.717,4.483333333333333,,,,,,,,,,,,,,,,,,,,,,,,,,,,,,,,,,,,,,,,,,,4.483333333333333,2.717,521.664,0.0,0.0,0.0,0.0,0.0,0.0,0.0,0.0,0.0,0.0,0.0,0.0,0.0,0.0,521.664,1.154725,0.0,0.0,0.0,0.0,0.0,0.0,0.0,0.0,0.0,0.0,0.0,0.0,0.0,0.0,1.154725
A00021,dep,1,CAR,124.88102,82.83333333333333,,,,,,,,,,,,,,,,,,,,,,,,,,,,,,,,,,,,,,,,,,,82.83333333333333,124.88102,23977.15584,0.0,0.0,0.0,0.0,0.0,0.0,0.0,0.0,0.0,0.0,0.0,0.0,0.0,0.0,23977.15584,53.074433500000005,0.0,0.0,0.0,0.0,0.0,0.0,0.0,0.0,0.0,0.0,0.0,0.0,0.0,0.0,53.074433500000005
A00022,dep,1,CAR,232.0597,145.38333333333333,,,,,,,,,,,,,,,,,,,,,,,,,,,,,,,,,,,,,,,,,,,145.38333333333333,232.0597,44555.4624,0.0,0.0,0.0,0.0,0.0,0.0,0.0,0.0,0.0,0.0,0.0,0.0,0.0,0.0,44555.4624,98.6253725,0.0,0.0,0.0,0.0,0.0,0.0,0.0,0.0,0.0,0.0,0.0,0.0,0.0,0.0,98.6253725
A00023,dep,1,CAR,138.76157999999998,96.3,,,,,,,,,,,,,,,,,,,,,,,,,,,,,,,,,,,,,,,,,,,96.3,138.76157999999998,26642.223359999996,0.0,0.0,0.0,0.0,0.0,0.0,0.0,0.0,0.0,0.0,0.0,0.0,0.0,0.0,26642.223359999996,58.97367149999999,0.0,0.0,0.0,0.0,0.0,0.0,0.0,0.0,0.0,0.0,0.0,0.0,0.0,0.0,58.97367149999999
A00024,dep,1,CAR,30.67199,24.866666666666667,,,,,,,,,,,,,,,,,,,,,,,,,,,,,,,,,,,,,,,,,,,24.866666666666667,30.67199,5889.022080000001,0.0,0.0,0.0,0.0,0.0,0.0,0.0,0.0,0.0,0.0,0.0,0.0,0.0,0.0,5889.022080000001,13.03559575,0.0,0.0,0.0,0.0,0.0,0.0,0.0,0.0,0.0,0.0,0.0,0.0,0.0,0.0,13.03559575
A00025,dep,1,CAR,109.85198,74.43333333333334,,,,,,,,,,,,,,,,,,,,,,,,,,,,,,,,,,,,,,,,,,,74.43333333333334,109.85198,21091.580159999998,0.0,0.0,0.0,0.0,0.0,0.0,0.0,0.0,0.0,0.0,0.0,0.0,0.0,0.0,21091.580159999998,46.6870915,0.0,0.0,0.0,0.0,0.0,0.0,0.0,0.0,0.0,0.0,0.0,0.0,0.0,0.0,46.6870915
A00026,dep,1,CAR,176.39775,117.06666666666666,,,,,,,,,,,,,,,,,,,,,,,,,,,,,,,,,,,,,,,,,,,117.06666666666666,176.39775,33868.368,0.0,0.0,0.0,0.0,0.0,0.0,0.0,0.0,0.0,0.0,0.0,0.0,0.0,0.0,33868.368,74.96904375,0.0,0.0,0.0,0.0,0.0,0.0,0.0,0.0,0.0,0.0,0.0,0.0,0.0,0.0,74.96904375
A00027,dep,1,CAR,13.12712,13.5,,,,,,,,,,,,,,,,,,,,,,,,,,,,,,,,,,,,,,,,,,,13.5,13.12712,2520.40704,0.0,0.0,0.0,0.0,0.0,0.0,0.0,0.0,0.0,0.0,0.0,0.0,0.0,0.0,2520.40704,5.579026,0.0,0.0,0.0,0.0,0.0,0.0,0.0,0.0,0.0,0.0,0.0,0.0,0.0,0.0,5.579026
A00028,dep,1,WALK,3.54948,45.0,BUS,11.59759,22.0,WALK,0.37422,7.333333333333333,RAIL,47.28128,27.0,WALK,0.14239,2.066666666666667,RAIL,87.86362,50.0,WALK,0.19712,2.933333333333333,RAIL,80.00296,49.0,WALK,0.45775,6.15,BUS,7.16484,17.0,WALK,2.39898,30.766666666666666,,,,,,,,,,,,,259.25,241.03023,0.0,1217.74695,0.0,1938.53248,0.0,3602.4084199999998,0.0,3280.12136,0.0,752.3081999999999,0.0,0.0,0.0,0.0,0.0,10791.117409999999,0.0,2.319518,0.0,7.092192,0.0,13.179542999999999,0.0,12.000444,0.0,1.432968,0.0,0.0,0.0,0.0,0.0,36.024665
A00029,dep,1,CAR,43.26874,31.2,,,,,,,,,,,,,,,,,,,,,,,,,,,,,,,,,,,,,,,,,,,31.2,43.26874,8307.59808,0.0,0.0,0.0,0.0,0.0,0.0,0.0,0.0,0.0,0.0,0.0,0.0,0.0,0.0,8307.59808,18.3892145,0.0,0.0,0.0,0.0,0.0,0.0,0.0,0.0,0.0,0.0,0.0,0.0,0.0,0.0,18.3892145
A00030,dep,1,CAR,11.12949,12.85,,,,,,,,,,,,,,,,,,,,,,,,,,,,,,,,,,,,,,,,,,,12.85,11.12949,2136.86208,0.0,0.0,0.0,0.0,0.0,0.0,0.0,0.0,0.0,0.0,0.0,0.0,0.0,0.0,2136.86208,4.73003325,0.0,0.0,0.0,0.0,0.0,0.0,0.0,0.0,0.0,0.0,0.0,0.0,0.0,0.0,4.73003325
A00031,dep,1,CAR,12.52296,13.483333333333333,,,,,,,,,,,,,,,,,,,,,,,,,,,,,,,,,,,,,,,,,,,13.483333333333333,12.52296,2404.40832,0.0,0.0,0.0,0.0,0.0,0.0,0.0,0.0,0.0,0.0,0.0,0.0,0.0,0.0,2404.40832,5.322258,0.0,0.0,0.0,0.0,0.0,0.0,0.0,0.0,0.0,0.0,0.0,0.0,0.0,0.0,5.322258
A00032,dep,1,CAR,2.6831,4.3,,,,,,,,,,,,,,,,,,,,,,,,,,,,,,,,,,,,,,,,,,,4.3,2.6831,515.1552,0.0,0.0,0.0,0.0,0.0,0.0,0.0,0.0,0.0,0.0,0.0,0.0,0.0,0.0,515.1552,1.1403175,0.0,0.0,0.0,0.0,0.0,0.0,0.0,0.0,0.0,0.0,0.0,0.0,0.0,0.0,1.1403175
A00033,dep,1,WALK,0.53619,8.066666666666666,RAIL,17.90115,13.0,WALK,0.31374,4.516666666666667,BUS,4.659020000000001,10.0,WALK,1.7693,22.8,,,,,,,,,,,,,,,,,,,,,,,,,,,,,,,58.383333333333326,25.179400000000005,0.0,733.9471500000001,0.0,489.1971000000001,0.0,0.0,0.0,0.0,0.0,0.0,0.0,0.0,0.0,0.0,0.0,1223.1442500000003,0.0,2.6851725,0.0,0.9318040000000002,0.0,0.0,0.0,0.0,0.0,0.0,0.0,0.0,0.0,0.0,0.0,3.6169765000000003
A00034,dep,2,WALK,2.89378,37.31666666666667,RAIL,16.676299999999998,17.0,WALK,0.1429699999999999,2.1333333333333333,RAIL,93.71414,55.0,WALK,0.26027,3.783333333333333,RAIL,87.86362,50.0,WALK,0.19712,2.933333333333333,RAIL,80.00296,49.0,WALK,0.45775,6.15,BUS,7.16484,17.0,WALK,2.39898,30.766666666666666,,,,,,,,,,,,,271.08333333333337,291.77273,0.0,683.7282999999999,0.0,3842.27974,0.0,3602.4084199999998,0.0,3280.12136,0.0,752.3081999999999,0.0,0.0,0.0,0.0,0.0,12160.846019999999,0.0,2.5014449999999995,0.0,14.057121,0.0,13.179542999999999,0.0,12.000444,0.0,1.432968,0.0,0.0,0.0,0.0,0.0,43.171521
A00035,dep,1,CAR,21.41487,19.683333333333334,,,,,,,,,,,,,,,,,,,,,,,,,,,,,,,,,,,,,,,,,,,19.683333333333334,21.41487,4111.65504,0.0,0.0,0.0,0.0,0.0,0.0,0.0,0.0,0.0,0.0,0.0,0.0,0.0,0.0,4111.65504,9.10131975,0.0,0.0,0.0,0.0,0.0,0.0,0.0,0.0,0.0,0.0,0.0,0.0,0.0,0.0,9.10131975
A00036,dep,2,WALK,2.98664,38.31666666666667,RAIL,16.676299999999998,17.0,WALK,0.1429699999999999,2.1333333333333333,RAIL,93.71414,55.0,WALK,0.26027,3.783333333333333,RAIL,87.86362,50.0,WALK,0.19712,2.933333333333333,RAIL,80.00296,49.0,WALK,0.45775,6.15,BUS,7.16484,17.0,WALK,2.39898,30.766666666666666,,,,,,,,,,,,,272.08333333333337,291.86559,0.0,683.7282999999999,0.0,3842.27974,0.0,3602.4084199999998,0.0,3280.12136,0.0,752.3081999999999,0.0,0.0,0.0,0.0,0.0,12160.846019999999,0.0,2.5014449999999995,0.0,14.057121,0.0,13.179542999999999,0.0,12.000444,0.0,1.432968,0.0,0.0,0.0,0.0,0.0,43.171521
A00037,dep,1,CAR,27.53993,21.6,,,,,,,,,,,,,,,,,,,,,,,,,,,,,,,,,,,,,,,,,,,21.6,27.53993,5287.66656,0.0,0.0,0.0,0.0,0.0,0.0,0.0,0.0,0.0,0.0,0.0,0.0,0.0,0.0,5287.66656,11.704470249999998,0.0,0.0,0.0,0.0,0.0,0.0,0.0,0.0,0.0,0.0,0.0,0.0,0.0,0.0,11.704470249999998
A00038,dep,1,CAR,24.71065,27.166666666666668,,,,,,,,,,,,,,,,,,,,,,,,,,,,,,,,,,,,,,,,,,,27.166666666666668,24.71065,4744.4448,0.0,0.0,0.0,0.0,0.0,0.0,0.0,0.0,0.0,0.0,0.0,0.0,0.0,0.0,4744.4448,10.50202625,0.0,0.0,0.0,0.0,0.0,0.0,0.0,0.0,0.0,0.0,0.0,0.0,0.0,0.0,10.50202625
A00039,dep,1,CAR,112.32699,76.33333333333333,,,,,,,,,,,,,,,,,,,,,,,,,,,,,,,,,,,,,,,,,,,76.33333333333333,112.32699,21566.782079999997,0.0,0.0,0.0,0.0,0.0,0.0,0.0,0.0,0.0,0.0,0.0,0.0,0.0,0.0,21566.782079999997,47.73897075,0.0,0.0,0.0,0.0,0.0,0.0,0.0,0.0,0.0,0.0,0.0,0.0,0.0,0.0,47.73897075
A00040,dep,1,WALK,1.91928,24.5,BUS,4.3667,8.0,WALK,0.0265,0.45,BUS,26.27227,25.0,WALK,0.13393,2.05,RAIL,152.53244,96.0,WALK,0.19712,2.933333333333333,RAIL,80.00296,49.0,WALK,0.45775,6.15,BUS,7.16484,17.0,WALK,2.39898,30.766666666666666,,,,,,,,,,,,,261.85,275.47277,0.0,458.5035,0.0,2758.58835,0.0,6253.830040000001,0.0,3280.12136,0.0,752.3081999999999,0.0,0.0,0.0,0.0,0.0,13503.351450000002,0.0,0.87334,0.0,5.254454,0.0,22.879866,0.0,12.000444,0.0,1.432968,0.0,0.0,0.0,0.0,0.0,42.441072000000005
A00041,dep,1,CAR,21.25731,22.05,,,,,,,,,,,,,,,,,,,,,,,,,,,,,,,,,,,,,,,,,,,22.05,21.25731,4081.40352,0.0,0.0,0.0,0.0,0.0,0.0,0.0,0.0,0.0,0.0,0.0,0.0,0.0,0.0,4081.40352,9.03435675,0.0,0.0,0.0,0.0,0.0,0.0,0.0,0.0,0.0,0.0,0.0,0.0,0.0,0.0,9.03435675
A00042,dep,1,CAR,14.66369,17.433333333333334,,,,,,,,,,,,,,,,,,,,,,,,,,,,,,,,,,,,,,,,,,,17.433333333333334,14.66369,2815.42848,0.0,0.0,0.0,0.0,0.0,0.0,0.0,0.0,0.0,0.0,0.0,0.0,0.0,0.0,2815.42848,6.23206825,0.0,0.0,0.0,0.0,0.0,0.0,0.0,0.0,0.0,0.0,0.0,0.0,0.0,0.0,6.23206825
A00043,dep,1,CAR,120.33996,77.03333333333333,,,,,,,,,,,,,,,,,,,,,,,,,,,,,,,,,,,,,,,,,,,77.03333333333333,120.33996,23105.27232,0.0,0.0,0.0,0.0,0.0,0.0,0.0,0.0,0.0,0.0,0.0,0.0,0.0,0.0,23105.27232,51.144483,0.0,0.0,0.0,0.0,0.0,0.0,0.0,0.0,0.0,0.0,0.0,0.0,0.0,0.0,51.144483
A00044,dep,1,CAR,31.701880000000003,24.28333333333333,,,,,,,,,,,,,,,,,,,,,,,,,,,,,,,,,,,,,,,,,,,24.28333333333333,31.701880000000003,6086.7609600000005,0.0,0.0,0.0,0.0,0.0,0.0,0.0,0.0,0.0,0.0,0.0,0.0,0.0,0.0,6086.7609600000005,13.473299,0.0,0.0,0.0,0.0,0.0,0.0,0.0,0.0,0.0,0.0,0.0,0.0,0.0,0.0,13.473299
A00045,dep,1,BICYCLE,1.33488,5.333333333333333,,,,,,,,,,,,,,,,,,,,,,,,,,,,,,,,,,,,,,,,,,,5.333333333333333,1.33488,0.0,0.0,0.0,0.0,0.0,0.0,0.0,0.0,0.0,0.0,0.0,0.0,0.0,0.0,0.0,0.0,0.0,0.0,0.0,0.0,0.0,0.0,0.0,0.0,0.0,0.0,0.0,0.0,0.0,0.0,0.0,0.0
A00046,dep,1,CAR,33.91406,26.883333333333333,,,,,,,,,,,,,,,,,,,,,,,,,,,,,,,,,,,,,,,,,,,26.883333333333333,33.91406,6511.499519999999,0.0,0.0,0.0,0.0,0.0,0.0,0.0,0.0,0.0,0.0,0.0,0.0,0.0,0.0,6511.499519999999,14.413475499999999,0.0,0.0,0.0,0.0,0.0,0.0,0.0,0.0,0.0,0.0,0.0,0.0,0.0,0.0,14.413475499999999
A00047,dep,1,CAR,47.83907,37.6,,,,,,,,,,,,,,,,,,,,,,,,,,,,,,,,,,,,,,,,,,,37.6,47.83907,9185.10144,0.0,0.0,0.0,0.0,0.0,0.0,0.0,0.0,0.0,0.0,0.0,0.0,0.0,0.0,9185.10144,20.33160475,0.0,0.0,0.0,0.0,0.0,0.0,0.0,0.0,0.0,0.0,0.0,0.0,0.0,0.0,20.33160475
A00048,dep,1,CAR,77.10169,50.1,,,,,,,,,,,,,,,,,,,,,,,,,,,,,,,,,,,,,,,,,,,50.1,77.10169,14803.52448,0.0,0.0,0.0,0.0,0.0,0.0,0.0,0.0,0.0,0.0,0.0,0.0,0.0,0.0,14803.52448,32.768218250000004,0.0,0.0,0.0,0.0,0.0,0.0,0.0,0.0,0.0,0.0,0.0,0.0,0.0,0.0,32.768218250000004
A00049,dep,1,CAR,91.49694,60.25,,,,,,,,,,,,,,,,,,,,,,,,,,,,,,,,,,,,,,,,,,,60.25,91.49694,17567.41248,0.0,0.0,0.0,0.0,0.0,0.0,0.0,0.0,0.0,0.0,0.0,0.0,0.0,0.0,17567.41248,38.8861995,0.0,0.0,0.0,0.0,0.0,0.0,0.0,0.0,0.0,0.0,0.0,0.0,0.0,0.0,38.8861995
A00050,dep,1,CAR,19.54738,19.183333333333334,,,,,,,,,,,,,,,,,,,,,,,,,,,,,,,,,,,,,,,,,,,19.183333333333334,19.54738,3753.09696,0.0,0.0,0.0,0.0,0.0,0.0,0.0,0.0,0.0,0.0,0.0,0.0,0.0,0.0,3753.09696,8.3076365,0.0,0.0,0.0,0.0,0.0,0.0,0.0,0.0,0.0,0.0,0.0,0.0,0.0,0.0,8.3076365
A00051,dep,1,CAR,100.43669,77.05,,,,,,,,,,,,,,,,,,,,,,,,,,,,,,,,,,,,,,,,,,,77.05,100.43669,19283.84448,0.0,0.0,0.0,0.0,0.0,0.0,0.0,0.0,0.0,0.0,0.0,0.0,0.0,0.0,19283.84448,42.68559325,0.0,0.0,0.0,0.0,0.0,0.0,0.0,0.0,0.0,0.0,0.0,0.0,0.0,0.0,42.68559325
A00052,dep,1,CAR,90.5062,65.01666666666667,,,,,,,,,,,,,,,,,,,,,,,,,,,,,,,,,,,,,,,,,,,65.01666666666667,90.5062,17377.1904,0.0,0.0,0.0,0.0,0.0,0.0,0.0,0.0,0.0,0.0,0.0,0.0,0.0,0.0,17377.1904,38.465135000000004,0.0,0.0,0.0,0.0,0.0,0.0,0.0,0.0,0.0,0.0,0.0,0.0,0.0,0.0,38.465135000000004
A00053,dep,1,CAR,20.45096,15.233333333333333,,,,,,,,,,,,,,,,,,,,,,,,,,,,,,,,,,,,,,,,,,,15.233333333333333,20.45096,3926.58432,0.0,0.0,0.0,0.0,0.0,0.0,0.0,0.0,0.0,0.0,0.0,0.0,0.0,0.0,3926.58432,8.691657999999999,0.0,0.0,0.0,0.0,0.0,0.0,0.0,0.0,0.0,0.0,0.0,0.0,0.0,0.0,8.691657999999999
A00054,dep,1,CAR,11.28875,15.533333333333331,,,,,,,,,,,,,,,,,,,,,,,,,,,,,,,,,,,,,,,,,,,15.533333333333331,11.28875,2167.44,0.0,0.0,0.0,0.0,0.0,0.0,0.0,0.0,0.0,0.0,0.0,0.0,0.0,0.0,2167.44,4.79771875,0.0,0.0,0.0,0.0,0.0,0.0,0.0,0.0,0.0,0.0,0.0,0.0,0.0,0.0,4.79771875
A00055,dep,1,CAR,80.55801,63.88333333333333,,,,,,,,,,,,,,,,,,,,,,,,,,,,,,,,,,,,,,,,,,,63.88333333333333,80.55801,15467.13792,0.0,0.0,0.0,0.0,0.0,0.0,0.0,0.0,0.0,0.0,0.0,0.0,0.0,0.0,15467.13792,34.237154249999996,0.0,0.0,0.0,0.0,0.0,0.0,0.0,0.0,0.0,0.0,0.0,0.0,0.0,0.0,34.237154249999996
A00056,dep,1,CAR,16.05877,17.1,,,,,,,,,,,,,,,,,,,,,,,,,,,,,,,,,,,,,,,,,,,17.1,16.05877,3083.28384,0.0,0.0,0.0,0.0,0.0,0.0,0.0,0.0,0.0,0.0,0.0,0.0,0.0,0.0,3083.28384,6.824977249999999,0.0,0.0,0.0,0.0,0.0,0.0,0.0,0.0,0.0,0.0,0.0,0.0,0.0,0.0,6.824977249999999
A00057,dep,1,CAR,20.23952,24.2,,,,,,,,,,,,,,,,,,,,,,,,,,,,,,,,,,,,,,,,,,,24.2,20.23952,3885.98784,0.0,0.0,0.0,0.0,0.0,0.0,0.0,0.0,0.0,0.0,0.0,0.0,0.0,0.0,3885.98784,8.601795999999998,0.0,0.0,0.0,0.0,0.0,0.0,0.0,0.0,0.0,0.0,0.0,0.0,0.0,0.0,8.601795999999998
A00058,dep,1,CAR,28.039900000000003,26.383333333333333,,,,,,,,,,,,,,,,,,,,,,,,,,,,,,,,,,,,,,,,,,,26.383333333333333,28.039900000000003,5383.660800000001,0.0,0.0,0.0,0.0,0.0,0.0,0.0,0.0,0.0,0.0,0.0,0.0,0.0,0.0,5383.660800000001,11.9169575,0.0,0.0,0.0,0.0,0.0,0.0,0.0,0.0,0.0,0.0,0.0,0.0,0.0,0.0,11.9169575
A00059,dep,1,CAR,131.72260999999995,85.63333333333334,,,,,,,,,,,,,,,,,,,,,,,,,,,,,,,,,,,,,,,,,,,85.63333333333334,131.72260999999995,25290.74111999999,0.0,0.0,0.0,0.0,0.0,0.0,0.0,0.0,0.0,0.0,0.0,0.0,0.0,0.0,25290.74111999999,55.98210924999997,0.0,0.0,0.0,0.0,0.0,0.0,0.0,0.0,0.0,0.0,0.0,0.0,0.0,0.0,55.98210924999997
A00060,dep,1,CAR,6.83003,7.05,,,,,,,,,,,,,,,,,,,,,,,,,,,,,,,,,,,,,,,,,,,7.05,6.83003,1311.36576,0.0,0.0,0.0,0.0,0.0,0.0,0.0,0.0,0.0,0.0,0.0,0.0,0.0,0.0,1311.36576,2.90276275,0.0,0.0,0.0,0.0,0.0,0.0,0.0,0.0,0.0,0.0,0.0,0.0,0.0,0.0,2.90276275
A00061,dep,1,CAR,247.83398,155.26666666666668,,,,,,,,,,,,,,,,,,,,,,,,,,,,,,,,,,,,,,,,,,,155.26666666666668,247.83398,47584.12416,0.0,0.0,0.0,0.0,0.0,0.0,0.0,0.0,0.0,0.0,0.0,0.0,0.0,0.0,47584.12416,105.3294415,0.0,0.0,0.0,0.0,0.0,0.0,0.0,0.0,0.0,0.0,0.0,0.0,0.0,0.0,105.3294415
A00062,dep,1,CAR,11.65732,12.833333333333334,,,,,,,,,,,,,,,,,,,,,,,,,,,,,,,,,,,,,,,,,,,12.833333333333334,11.65732,2238.20544,0.0,0.0,0.0,0.0,0.0,0.0,0.0,0.0,0.0,0.0,0.0,0.0,0.0,0.0,2238.20544,4.9543610000000005,0.0,0.0,0.0,0.0,0.0,0.0,0.0,0.0,0.0,0.0,0.0,0.0,0.0,0.0,4.9543610000000005
A00063,dep,1,CAR,175.62629,113.78333333333332,,,,,,,,,,,,,,,,,,,,,,,,,,,,,,,,,,,,,,,,,,,113.78333333333332,175.62629,33720.24768,0.0,0.0,0.0,0.0,0.0,0.0,0.0,0.0,0.0,0.0,0.0,0.0,0.0,0.0,33720.24768,74.64117325000001,0.0,0.0,0.0,0.0,0.0,0.0,0.0,0.0,0.0,0.0,0.0,0.0,0.0,0.0,74.64117325000001
A00064,dep,1,CAR,125.81345,83.48333333333333,,,,,,,,,,,,,,,,,,,,,,,,,,,,,,,,,,,,,,,,,,,83.48333333333333,125.81345,24156.1824,0.0,0.0,0.0,0.0,0.0,0.0,0.0,0.0,0.0,0.0,0.0,0.0,0.0,0.0,24156.1824,53.47071625,0.0,0.0,0.0,0.0,0.0,0.0,0.0,0.0,0.0,0.0,0.0,0.0,0.0,0.0,53.47071625
A00065,dep,1,CAR,108.61192,76.03333333333333,,,,,,,,,,,,,,,,,,,,,,,,,,,,,,,,,,,,,,,,,,,76.03333333333333,108.61192,20853.48864,0.0,0.0,0.0,0.0,0.0,0.0,0.0,0.0,0.0,0.0,0.0,0.0,0.0,0.0,20853.48864,46.160066,0.0,0.0,0.0,0.0,0.0,0.0,0.0,0.0,0.0,0.0,0.0,0.0,0.0,0.0,46.160066
A00067,dep,1,CAR,50.04461,39.3,,,,,,,,,,,,,,,,,,,,,,,,,,,,,,,,,,,,,,,,,,,39.3,50.04461,9608.56512,0.0,0.0,0.0,0.0,0.0,0.0,0.0,0.0,0.0,0.0,0.0,0.0,0.0,0.0,9608.56512,21.268959249999998,0.0,0.0,0.0,0.0,0.0,0.0,0.0,0.0,0.0,0.0,0.0,0.0,0.0,0.0,21.268959249999998
A00068,dep,1,CAR,12.52943,13.8,,,,,,,,,,,,,,,,,,,,,,,,,,,,,,,,,,,,,,,,,,,13.8,12.52943,2405.65056,0.0,0.0,0.0,0.0,0.0,0.0,0.0,0.0,0.0,0.0,0.0,0.0,0.0,0.0,2405.65056,5.325007749999999,0.0,0.0,0.0,0.0,0.0,0.0,0.0,0.0,0.0,0.0,0.0,0.0,0.0,0.0,5.325007749999999
A00070,dep,1,CAR,13.19209,13.3,,,,,,,,,,,,,,,,,,,,,,,,,,,,,,,,,,,,,,,,,,,13.3,13.19209,2532.88128,0.0,0.0,0.0,0.0,0.0,0.0,0.0,0.0,0.0,0.0,0.0,0.0,0.0,0.0,2532.88128,5.60663825,0.0,0.0,0.0,0.0,0.0,0.0,0.0,0.0,0.0,0.0,0.0,0.0,0.0,0.0,5.60663825
A00072,dep,1,CAR,61.41024,54.41666666666666,,,,,,,,,,,,,,,,,,,,,,,,,,,,,,,,,,,,,,,,,,,54.41666666666666,61.41024,11790.766080000001,0.0,0.0,0.0,0.0,0.0,0.0,0.0,0.0,0.0,0.0,0.0,0.0,0.0,0.0,11790.766080000001,26.099352,0.0,0.0,0.0,0.0,0.0,0.0,0.0,0.0,0.0,0.0,0.0,0.0,0.0,0.0,26.099352
A00073,dep,1,CAR,12.59404,14.566666666666666,,,,,,,,,,,,,,,,,,,,,,,,,,,,,,,,,,,,,,,,,,,14.566666666666666,12.59404,2418.05568,0.0,0.0,0.0,0.0,0.0,0.0,0.0,0.0,0.0,0.0,0.0,0.0,0.0,0.0,2418.05568,5.352467,0.0,0.0,0.0,0.0,0.0,0.0,0.0,0.0,0.0,0.0,0.0,0.0,0.0,0.0,5.352467
A00074,dep,1,CAR,4.82418,8.3,,,,,,,,,,,,,,,,,,,,,,,,,,,,,,,,,,,,,,,,,,,8.3,4.82418,926.24256,0.0,0.0,0.0,0.0,0.0,0.0,0.0,0.0,0.0,0.0,0.0,0.0,0.0,0.0,926.24256,2.0502765,0.0,0.0,0.0,0.0,0.0,0.0,0.0,0.0,0.0,0.0,0.0,0.0,0.0,0.0,2.0502765
A00075,dep,1,CAR,7.47909,11.233333333333333,,,,,,,,,,,,,,,,,,,,,,,,,,,,,,,,,,,,,,,,,,,11.233333333333333,7.47909,1435.98528,0.0,0.0,0.0,0.0,0.0,0.0,0.0,0.0,0.0,0.0,0.0,0.0,0.0,0.0,1435.98528,3.17861325,0.0,0.0,0.0,0.0,0.0,0.0,0.0,0.0,0.0,0.0,0.0,0.0,0.0,0.0,3.17861325
A00076,dep,1,WALK,1.10565,14.016666666666667,BUS,19.31949,31.0,WALK,0.42112,5.833333333333333,RAIL,93.71414,55.0,WALK,0.26027,3.783333333333333,RAIL,87.86362,50.0,WALK,0.19712,2.933333333333333,RAIL,80.00296,49.0,WALK,0.45775,6.15,BUS,7.16484,17.0,WALK,2.39898,30.766666666666666,,,,,,,,,,,,,265.4833333333333,292.90594,0.0,2028.5464499999998,0.0,3842.27974,0.0,3602.4084199999998,0.0,3280.12136,0.0,752.3081999999999,0.0,0.0,0.0,0.0,0.0,13505.66417,0.0,3.863898,0.0,14.057121,0.0,13.179542999999999,0.0,12.000444,0.0,1.432968,0.0,0.0,0.0,0.0,0.0,44.533974
A00077,dep,1,CAR,15.57545,17.383333333333333,,,,,,,,,,,,,,,,,,,,,,,,,,,,,,,,,,,,,,,,,,,17.383333333333333,15.57545,2990.4864,0.0,0.0,0.0,0.0,0.0,0.0,0.0,0.0,0.0,0.0,0.0,0.0,0.0,0.0,2990.4864,6.61956625,0.0,0.0,0.0,0.0,0.0,0.0,0.0,0.0,0.0,0.0,0.0,0.0,0.0,0.0,6.61956625
A00078,dep,1,CAR,30.02234,25.416666666666668,,,,,,,,,,,,,,,,,,,,,,,,,,,,,,,,,,,,,,,,,,,25.416666666666668,30.02234,5764.28928,0.0,0.0,0.0,0.0,0.0,0.0,0.0,0.0,0.0,0.0,0.0,0.0,0.0,0.0,5764.28928,12.759494499999999,0.0,0.0,0.0,0.0,0.0,0.0,0.0,0.0,0.0,0.0,0.0,0.0,0.0,0.0,12.759494499999999
A00079,dep,1,CAR,13.58428,15.016666666666667,,,,,,,,,,,,,,,,,,,,,,,,,,,,,,,,,,,,,,,,,,,15.016666666666667,13.58428,2608.18176,0.0,0.0,0.0,0.0,0.0,0.0,0.0,0.0,0.0,0.0,0.0,0.0,0.0,0.0,2608.18176,5.773319,0.0,0.0,0.0,0.0,0.0,0.0,0.0,0.0,0.0,0.0,0.0,0.0,0.0,0.0,5.773319
A00080,dep,1,CAR,21.638720000000003,19.966666666666665,,,,,,,,,,,,,,,,,,,,,,,,,,,,,,,,,,,,,,,,,,,19.966666666666665,21.638720000000003,4154.63424,0.0,0.0,0.0,0.0,0.0,0.0,0.0,0.0,0.0,0.0,0.0,0.0,0.0,0.0,4154.63424,9.196456000000001,0.0,0.0,0.0,0.0,0.0,0.0,0.0,0.0,0.0,0.0,0.0,0.0,0.0,0.0,9.196456000000001
A00081,dep,1,CAR,238.90478,151.51666666666668,,,,,,,,,,,,,,,,,,,,,,,,,,,,,,,,,,,,,,,,,,,151.51666666666668,238.90478,45869.71776,0.0,0.0,0.0,0.0,0.0,0.0,0.0,0.0,0.0,0.0,0.0,0.0,0.0,0.0,45869.71776,101.53453149999999,0.0,0.0,0.0,0.0,0.0,0.0,0.0,0.0,0.0,0.0,0.0,0.0,0.0,0.0,101.53453149999999
A00082,dep,1,CAR,7.229550000000001,9.266666666666667,,,,,,,,,,,,,,,,,,,,,,,,,,,,,,,,,,,,,,,,,,,9.266666666666667,7.229550000000001,1388.0736000000002,0.0,0.0,0.0,0.0,0.0,0.0,0.0,0.0,0.0,0.0,0.0,0.0,0.0,0.0,1388.0736000000002,3.0725587500000002,0.0,0.0,0.0,0.0,0.0,0.0,0.0,0.0,0.0,0.0,0.0,0.0,0.0,0.0,3.0725587500000002
A00083,dep,1,WALK,1.859,23.5,BUS,19.56928,28.0,WALK,0.13393,2.05,RAIL,152.53244,96.0,WALK,0.19712,2.933333333333333,RAIL,80.00296,49.0,WALK,0.45775,6.15,BUS,7.16484,17.0,WALK,2.39898,30.766666666666666,,,,,,,,,,,,,,,,,,,255.40000000000003,264.3163,0.0,2054.7744,0.0,6253.830040000001,0.0,3280.12136,0.0,752.3081999999999,0.0,0.0,0.0,0.0,0.0,0.0,0.0,12341.034,0.0,3.913856,0.0,22.879866,0.0,12.000444,0.0,1.432968,0.0,0.0,0.0,0.0,0.0,0.0,0.0,40.227134
A00084,dep,1,CAR,7.43937,7.416666666666667,,,,,,,,,,,,,,,,,,,,,,,,,,,,,,,,,,,,,,,,,,,7.416666666666667,7.43937,1428.35904,0.0,0.0,0.0,0.0,0.0,0.0,0.0,0.0,0.0,0.0,0.0,0.0,0.0,0.0,1428.35904,3.16173225,0.0,0.0,0.0,0.0,0.0,0.0,0.0,0.0,0.0,0.0,0.0,0.0,0.0,0.0,3.16173225
A00085,dep,1,CAR,108.43868,75.61666666666666,,,,,,,,,,,,,,,,,,,,,,,,,,,,,,,,,,,,,,,,,,,75.61666666666666,108.43868,20820.226560000003,0.0,0.0,0.0,0.0,0.0,0.0,0.0,0.0,0.0,0.0,0.0,0.0,0.0,0.0,20820.226560000003,46.086439,0.0,0.0,0.0,0.0,0.0,0.0,0.0,0.0,0.0,0.0,0.0,0.0,0.0,0.0,46.086439
A00086,dep,1,CAR,131.30166,84.71666666666667,,,,,,,,,,,,,,,,,,,,,,,,,,,,,,,,,,,,,,,,,,,84.71666666666667,131.30166,25209.91872,0.0,0.0,0.0,0.0,0.0,0.0,0.0,0.0,0.0,0.0,0.0,0.0,0.0,0.0,25209.91872,55.8032055,0.0,0.0,0.0,0.0,0.0,0.0,0.0,0.0,0.0,0.0,0.0,0.0,0.0,0.0,55.8032055
A00087,dep,1,CAR,39.00063,26.683333333333334,,,,,,,,,,,,,,,,,,,,,,,,,,,,,,,,,,,,,,,,,,,26.683333333333334,39.00063,7488.12096,0.0,0.0,0.0,0.0,0.0,0.0,0.0,0.0,0.0,0.0,0.0,0.0,0.0,0.0,7488.12096,16.57526775,0.0,0.0,0.0,0.0,0.0,0.0,0.0,0.0,0.0,0.0,0.0,0.0,0.0,0.0,16.57526775
A00088,dep,1,CAR,31.11009,27.316666666666663,,,,,,,,,,,,,,,,,,,,,,,,,,,,,,,,,,,,,,,,,,,27.316666666666663,31.11009,5973.13728,0.0,0.0,0.0,0.0,0.0,0.0,0.0,0.0,0.0,0.0,0.0,0.0,0.0,0.0,5973.13728,13.22178825,0.0,0.0,0.0,0.0,0.0,0.0,0.0,0.0,0.0,0.0,0.0,0.0,0.0,0.0,13.22178825
A00089,dep,1,CAR,126.92914,82.51666666666667,,,,,,,,,,,,,,,,,,,,,,,,,,,,,,,,,,,,,,,,,,,82.51666666666667,126.92914,24370.39488,0.0,0.0,0.0,0.0,0.0,0.0,0.0,0.0,0.0,0.0,0.0,0.0,0.0,0.0,24370.39488,53.9448845,0.0,0.0,0.0,0.0,0.0,0.0,0.0,0.0,0.0,0.0,0.0,0.0,0.0,0.0,53.9448845
A00090,dep,1,CAR,99.81963,67.51666666666667,,,,,,,,,,,,,,,,,,,,,,,,,,,,,,,,,,,,,,,,,,,67.51666666666667,99.81963,19165.36896,0.0,0.0,0.0,0.0,0.0,0.0,0.0,0.0,0.0,0.0,0.0,0.0,0.0,0.0,19165.36896,42.42334275,0.0,0.0,0.0,0.0,0.0,0.0,0.0,0.0,0.0,0.0,0.0,0.0,0.0,0.0,42.42334275
A00091,dep,1,CAR,10.48967,12.6,,,,,,,,,,,,,,,,,,,,,,,,,,,,,,,,,,,,,,,,,,,12.6,10.48967,2014.01664,0.0,0.0,0.0,0.0,0.0,0.0,0.0,0.0,0.0,0.0,0.0,0.0,0.0,0.0,2014.01664,4.45810975,0.0,0.0,0.0,0.0,0.0,0.0,0.0,0.0,0.0,0.0,0.0,0.0,0.0,0.0,4.45810975
A00092,dep,1,CAR,167.88415,108.11666666666666,,,,,,,,,,,,,,,,,,,,,,,,,,,,,,,,,,,,,,,,,,,108.11666666666666,167.88415,32233.756800000003,0.0,0.0,0.0,0.0,0.0,0.0,0.0,0.0,0.0,0.0,0.0,0.0,0.0,0.0,32233.756800000003,71.35076375,0.0,0.0,0.0,0.0,0.0,0.0,0.0,0.0,0.0,0.0,0.0,0.0,0.0,0.0,71.35076375
A00093,dep,1,CAR,126.72612,80.8,,,,,,,,,,,,,,,,,,,,,,,,,,,,,,,,,,,,,,,,,,,80.8,126.72612,24331.41504,0.0,0.0,0.0,0.0,0.0,0.0,0.0,0.0,0.0,0.0,0.0,0.0,0.0,0.0,24331.41504,53.85860099999999,0.0,0.0,0.0,0.0,0.0,0.0,0.0,0.0,0.0,0.0,0.0,0.0,0.0,0.0,53.85860099999999
A00094,dep,1,CAR,105.74752,69.95,,,,,,,,,,,,,,,,,,,,,,,,,,,,,,,,,,,,,,,,,,,69.95,105.74752,20303.523839999998,0.0,0.0,0.0,0.0,0.0,0.0,0.0,0.0,0.0,0.0,0.0,0.0,0.0,0.0,20303.523839999998,44.942696,0.0,0.0,0.0,0.0,0.0,0.0,0.0,0.0,0.0,0.0,0.0,0.0,0.0,0.0,44.942696
A00095,dep,1,CAR,118.81268,75.58333333333333,,,,,,,,,,,,,,,,,,,,,,,,,,,,,,,,,,,,,,,,,,,75.58333333333333,118.81268,22812.03456,0.0,0.0,0.0,0.0,0.0,0.0,0.0,0.0,0.0,0.0,0.0,0.0,0.0,0.0,22812.03456,50.495388999999996,0.0,0.0,0.0,0.0,0.0,0.0,0.0,0.0,0.0,0.0,0.0,0.0,0.0,0.0,50.495388999999996
A00096,dep,1,CAR,14.83891,15.233333333333333,,,,,,,,,,,,,,,,,,,,,,,,,,,,,,,,,,,,,,,,,,,15.233333333333333,14.83891,2849.07072,0.0,0.0,0.0,0.0,0.0,0.0,0.0,0.0,0.0,0.0,0.0,0.0,0.0,0.0,2849.07072,6.30653675,0.0,0.0,0.0,0.0,0.0,0.0,0.0,0.0,0.0,0.0,0.0,0.0,0.0,0.0,6.30653675
A00097,dep,1,CAR,22.31419,21.616666666666667,,,,,,,,,,,,,,,,,,,,,,,,,,,,,,,,,,,,,,,,,,,21.616666666666667,22.31419,4284.32448,0.0,0.0,0.0,0.0,0.0,0.0,0.0,0.0,0.0,0.0,0.0,0.0,0.0,0.0,4284.32448,9.48353075,0.0,0.0,0.0,0.0,0.0,0.0,0.0,0.0,0.0,0.0,0.0,0.0,0.0,0.0,9.48353075
A00098,dep,1,BICYCLE,0.8651,3.966666666666667,,,,,,,,,,,,,,,,,,,,,,,,,,,,,,,,,,,,,,,,,,,3.966666666666667,0.8651,0.0,0.0,0.0,0.0,0.0,0.0,0.0,0.0,0.0,0.0,0.0,0.0,0.0,0.0,0.0,0.0,0.0,0.0,0.0,0.0,0.0,0.0,0.0,0.0,0.0,0.0,0.0,0.0,0.0,0.0,0.0,0.0
A00099,dep,1,CAR,13.60304,13.55,,,,,,,,,,,,,,,,,,,,,,,,,,,,,,,,,,,,,,,,,,,13.55,13.60304,2611.78368,0.0,0.0,0.0,0.0,0.0,0.0,0.0,0.0,0.0,0.0,0.0,0.0,0.0,0.0,2611.78368,5.781292,0.0,0.0,0.0,0.0,0.0,0.0,0.0,0.0,0.0,0.0,0.0,0.0,0.0,0.0,5.781292
A00100,dep,1,CAR,212.52262,134.76666666666668,,,,,,,,,,,,,,,,,,,,,,,,,,,,,,,,,,,,,,,,,,,134.76666666666668,212.52262,40804.34304,0.0,0.0,0.0,0.0,0.0,0.0,0.0,0.0,0.0,0.0,0.0,0.0,0.0,0.0,40804.34304,90.32211349999999,0.0,0.0,0.0,0.0,0.0,0.0,0.0,0.0,0.0,0.0,0.0,0.0,0.0,0.0,90.32211349999999
