attendee_id,direction,trip_option,leg1_mode,leg1_length,leg1_duration,leg2_mode,leg2_length,leg2_duration,leg3_mode,leg3_length,leg3_duration,leg4_mode,leg4_length,leg4_duration,leg5_mode,leg5_length,leg5_duration,leg6_mode,leg6_length,leg6_duration,leg7_mode,leg7_length,leg7_duration,leg8_mode,leg8_length,leg8_duration,leg9_mode,leg9_length,leg9_duration,total_duration,total_length,leg10_mode,leg10_length,leg10_duration,leg11_mode,leg11_length,leg11_duration,leg12_mode,leg12_length,leg12_duration,leg1_carbon,leg2_carbon,leg3_carbon,leg4_carbon,leg5_carbon,leg6_carbon,leg7_carbon,leg8_carbon,leg9_carbon,leg10_carbon,leg11_carbon,leg12_carbon,calculated_total_carbon_footprint,leg1_cost,leg2_cost,leg3_cost,leg4_cost,leg5_cost,leg6_cost,leg7_cost,leg8_cost,leg9_cost,leg10_cost,leg11_cost,leg12_cost,calculated_total_cost
A00001,ret,1,CAR,99.37543,62.86666666666667,,,,,,,,,,,,,,,,,,,,,,,,,62.86666666666667,99.37543,,,,,,,,,,19080.08256,0.0,0.0,0.0,0.0,0.0,0.0,0.0,0.0,0.0,0.0,0.0,19080.08256,42.23455774999999,0.0,0.0,0.0,0.0,0.0,0.0,0.0,0.0,0.0,0.0,0.0,42.23455774999999
A00002,ret,1,BICYCLE,54.89593,187.36666666666667,,,,,,,,,,,,,,,,,,,,,,,,,187.36666666666667,54.89593,,,,,,,,,,0.0,0.0,0.0,0.0,0.0,0.0,0.0,0.0,0.0,0.0,0.0,0.0,0.0,0.0,0.0,0.0,0.0,0.0,0.0,0.0,0.0,0.0,0.0,0.0,0.0,0.0
A00003,ret,1,BICYCLE,19.73284,71.15,,,,,,,,,,,,,,,,,,,,,,,,,71.15,19.73284,,,,,,,,,,0.0,0.0,0.0,0.0,0.0,0.0,0.0,0.0,0.0,0.0,0.0,0.0,0.0,0.0,0.0,0.0,0.0,0.0,0.0,0.0,0.0,0.0,0.0,0.0,0.0,0.0
A00004,ret,1,BICYCLE,41.54655,148.08333333333334,,,,,,,,,,,,,,,,,,,,,,,,,148.08333333333334,41.54655,,,,,,,,,,0.0,0.0,0.0,0.0,0.0,0.0,0.0,0.0,0.0,0.0,0.0,0.0,0.0,0.0,0.0,0.0,0.0,0.0,0.0,0.0,0.0,0.0,0.0,0.0,0.0,0.0
A00005,ret,1,CAR,154.03695000000002,100.3,,,,,,,,,,,,,,,,,,,,,,,,,100.3,154.03695000000002,,,,,,,,,,29575.0944,0.0,0.0,0.0,0.0,0.0,0.0,0.0,0.0,0.0,0.0,0.0,29575.0944,65.46570375,0.0,0.0,0.0,0.0,0.0,0.0,0.0,0.0,0.0,0.0,0.0,65.46570375
A00006,ret,1,BICYCLE,12.514209999999999,44.233333333333334,,,,,,,,,,,,,,,,,,,,,,,,,44.233333333333334,12.514209999999999,,,,,,,,,,0.0,0.0,0.0,0.0,0.0,0.0,0.0,0.0,0.0,0.0,0.0,0.0,0.0,0.0,0.0,0.0,0.0,0.0,0.0,0.0,0.0,0.0,0.0,0.0,0.0,0.0
A00007,ret,1,BICYCLE,50.37848,175.06666666666666,,,,,,,,,,,,,,,,,,,,,,,,,175.06666666666666,50.37848,,,,,,,,,,0.0,0.0,0.0,0.0,0.0,0.0,0.0,0.0,0.0,0.0,0.0,0.0,0.0,0.0,0.0,0.0,0.0,0.0,0.0,0.0,0.0,0.0,0.0,0.0,0.0,0.0
A00008,ret,1,BICYCLE,31.03838,109.35,,,,,,,,,,,,,,,,,,,,,,,,,109.35,31.03838,,,,,,,,,,0.0,0.0,0.0,0.0,0.0,0.0,0.0,0.0,0.0,0.0,0.0,0.0,0.0,0.0,0.0,0.0,0.0,0.0,0.0,0.0,0.0,0.0,0.0,0.0,0.0,0.0
A00009,ret,1,BICYCLE,39.47183999999999,138.26666666666668,,,,,,,,,,,,,,,,,,,,,,,,,138.26666666666668,39.47183999999999,,,,,,,,,,0.0,0.0,0.0,0.0,0.0,0.0,0.0,0.0,0.0,0.0,0.0,0.0,0.0,0.0,0.0,0.0,0.0,0.0,0.0,0.0,0.0,0.0,0.0,0.0,0.0,0.0
A00010,ret,1,BICYCLE,68.96316,239.85,,,,,,,,,,,,,,,,,,,,,,,,,239.85,68.96316,,,,,,,,,,0.0,0.0,0.0,0.0,0.0,0.0,0.0,0.0,0.0,0.0,0.0,0.0,0.0,0.0,0.0,0.0,0.0,0.0,0.0,0.0,0.0,0.0,0.0,0.0,0.0,0.0
A00011,ret,1,BICYCLE,28.99746,103.15,,,,,,,,,,,,,,,,,,,,,,,,,103.15,28.99746,,,,,,,,,,0.0,0.0,0.0,0.0,0.0,0.0,0.0,0.0,0.0,0.0,0.0,0.0,0.0,0.0,0.0,0.0,0.0,0.0,0.0,0.0,0.0,0.0,0.0,0.0,0.0,0.0
A00012,ret,1,BICYCLE,25.88246,91.28333333333333,,,,,,,,,,,,,,,,,,,,,,,,,91.28333333333333,25.88246,,,,,,,,,,0.0,0.0,0.0,0.0,0.0,0.0,0.0,0.0,0.0,0.0,0.0,0.0,0.0,0.0,0.0,0.0,0.0,0.0,0.0,0.0,0.0,0.0,0.0,0.0,0.0,0.0
A00013,ret,1,BICYCLE,18.966849999999997,66.08333333333333,,,,,,,,,,,,,,,,,,,,,,,,,66.08333333333333,18.966849999999997,,,,,,,,,,0.0,0.0,0.0,0.0,0.0,0.0,0.0,0.0,0.0,0.0,0.0,0.0,0.0,0.0,0.0,0.0,0.0,0.0,0.0,0.0,0.0,0.0,0.0,0.0,0.0,0.0
A00015,ret,1,BICYCLE,31.543580000000002,109.03333333333333,,,,,,,,,,,,,,,,,,,,,,,,,109.03333333333333,31.543580000000002,,,,,,,,,,0.0,0.0,0.0,0.0,0.0,0.0,0.0,0.0,0.0,0.0,0.0,0.0,0.0,0.0,0.0,0.0,0.0,0.0,0.0,0.0,0.0,0.0,0.0,0.0,0.0,0.0
A00016,ret,1,CAR,77.42974000000001,52.8,,,,,,,,,,,,,,,,,,,,,,,,,52.8,77.42974000000001,,,,,,,,,,14866.510080000002,0.0,0.0,0.0,0.0,0.0,0.0,0.0,0.0,0.0,0.0,0.0,14866.510080000002,32.9076395,0.0,0.0,0.0,0.0,0.0,0.0,0.0,0.0,0.0,0.0,0.0,32.9076395
A00017,ret,1,BICYCLE,35.27282,126.95,,,,,,,,,,,,,,,,,,,,,,,,,126.95,35.27282,,,,,,,,,,0.0,0.0,0.0,0.0,0.0,0.0,0.0,0.0,0.0,0.0,0.0,0.0,0.0,0.0,0.0,0.0,0.0,0.0,0.0,0.0,0.0,0.0,0.0,0.0,0.0,0.0
A00018,ret,1,BICYCLE,35.25242,124.16666666666667,,,,,,,,,,,,,,,,,,,,,,,,,124.16666666666667,35.25242,,,,,,,,,,0.0,0.0,0.0,0.0,0.0,0.0,0.0,0.0,0.0,0.0,0.0,0.0,0.0,0.0,0.0,0.0,0.0,0.0,0.0,0.0,0.0,0.0,0.0,0.0,0.0,0.0
A00019,ret,1,BICYCLE,33.651160000000004,117.95,,,,,,,,,,,,,,,,,,,,,,,,,117.95,33.651160000000004,,,,,,,,,,0.0,0.0,0.0,0.0,0.0,0.0,0.0,0.0,0.0,0.0,0.0,0.0,0.0,0.0,0.0,0.0,0.0,0.0,0.0,0.0,0.0,0.0,0.0,0.0,0.0,0.0
A00020,ret,1,BICYCLE,24.88173,86.4,,,,,,,,,,,,,,,,,,,,,,,,,86.4,24.88173,,,,,,,,,,0.0,0.0,0.0,0.0,0.0,0.0,0.0,0.0,0.0,0.0,0.0,0.0,0.0,0.0,0.0,0.0,0.0,0.0,0.0,0.0,0.0,0.0,0.0,0.0,0.0,0.0
A00021,ret,1,BICYCLE,31.26248,111.11666666666666,,,,,,,,,,,,,,,,,,,,,,,,,111.11666666666666,31.26248,,,,,,,,,,0.0,0.0,0.0,0.0,0.0,0.0,0.0,0.0,0.0,0.0,0.0,0.0,0.0,0.0,0.0,0.0,0.0,0.0,0.0,0.0,0.0,0.0,0.0,0.0,0.0,0.0
A00022,ret,1,BICYCLE,37.9853,132.33333333333334,,,,,,,,,,,,,,,,,,,,,,,,,132.33333333333334,37.9853,,,,,,,,,,0.0,0.0,0.0,0.0,0.0,0.0,0.0,0.0,0.0,0.0,0.0,0.0,0.0,0.0,0.0,0.0,0.0,0.0,0.0,0.0,0.0,0.0,0.0,0.0,0.0,0.0
A00023,ret,1,BICYCLE,14.382190000000001,49.93333333333333,,,,,,,,,,,,,,,,,,,,,,,,,49.93333333333333,14.382190000000001,,,,,,,,,,0.0,0.0,0.0,0.0,0.0,0.0,0.0,0.0,0.0,0.0,0.0,0.0,0.0,0.0,0.0,0.0,0.0,0.0,0.0,0.0,0.0,0.0,0.0,0.0,0.0,0.0
A00024,ret,1,BICYCLE,3.11086,11.283333333333333,,,,,,,,,,,,,,,,,,,,,,,,,11.283333333333333,3.11086,,,,,,,,,,0.0,0.0,0.0,0.0,0.0,0.0,0.0,0.0,0.0,0.0,0.0,0.0,0.0,0.0,0.0,0.0,0.0,0.0,0.0,0.0,0.0,0.0,0.0,0.0,0.0,0.0
A00025,ret,1,BICYCLE,20.077180000000002,78.36666666666666,,,,,,,,,,,,,,,,,,,,,,,,,78.36666666666666,20.077180000000002,,,,,,,,,,0.0,0.0,0.0,0.0,0.0,0.0,0.0,0.0,0.0,0.0,0.0,0.0,0.0,0.0,0.0,0.0,0.0,0.0,0.0,0.0,0.0,0.0,0.0,0.0,0.0,0.0
A00026,ret,1,BICYCLE,14.22819,49.36666666666667,,,,,,,,,,,,,,,,,,,,,,,,,49.36666666666667,14.22819,,,,,,,,,,0.0,0.0,0.0,0.0,0.0,0.0,0.0,0.0,0.0,0.0,0.0,0.0,0.0,0.0,0.0,0.0,0.0,0.0,0.0,0.0,0.0,0.0,0.0,0.0,0.0,0.0
A00027,ret,1,BICYCLE,28.406290000000002,98.45,,,,,,,,,,,,,,,,,,,,,,,,,98.45,28.406290000000002,,,,,,,,,,0.0,0.0,0.0,0.0,0.0,0.0,0.0,0.0,0.0,0.0,0.0,0.0,0.0,0.0,0.0,0.0,0.0,0.0,0.0,0.0,0.0,0.0,0.0,0.0,0.0,0.0
A00028,ret,1,CAR,142.37817,98.06666666666666,,,,,,,,,,,,,,,,,,,,,,,,,98.06666666666666,142.37817,,,,,,,,,,27336.608640000002,0.0,0.0,0.0,0.0,0.0,0.0,0.0,0.0,0.0,0.0,0.0,27336.608640000002,60.51072225,0.0,0.0,0.0,0.0,0.0,0.0,0.0,0.0,0.0,0.0,0.0,60.51072225
A00029,ret,1,BICYCLE,23.57998,83.11666666666666,,,,,,,,,,,,,,,,,,,,,,,,,83.11666666666666,23.57998,,,,,,,,,,0.0,0.0,0.0,0.0,0.0,0.0,0.0,0.0,0.0,0.0,0.0,0.0,0.0,0.0,0.0,0.0,0.0,0.0,0.0,0.0,0.0,0.0,0.0,0.0,0.0,0.0
A00030,ret,1,CAR,104.16694,66.05,,,,,,,,,,,,,,,,,,,,,,,,,66.05,104.16694,,,,,,,,,,20000.05248,0.0,0.0,0.0,0.0,0.0,0.0,0.0,0.0,0.0,0.0,0.0,20000.05248,44.2709495,0.0,0.0,0.0,0.0,0.0,0.0,0.0,0.0,0.0,0.0,0.0,44.2709495
A00031,ret,1,BICYCLE,24.32182,84.7,,,,,,,,,,,,,,,,,,,,,,,,,84.7,24.32182,,,,,,,,,,0.0,0.0,0.0,0.0,0.0,0.0,0.0,0.0,0.0,0.0,0.0,0.0,0.0,0.0,0.0,0.0,0.0,0.0,0.0,0.0,0.0,0.0,0.0,0.0,0.0,0.0
A00032,ret,1,BICYCLE,14.022530000000001,49.333333333333336,,,,,,,,,,,,,,,,,,,,,,,,,49.333333333333336,14.022530000000001,,,,,,,,,,0.0,0.0,0.0,0.0,0.0,0.0,0.0,0.0,0.0,0.0,0.0,0.0,0.0,0.0,0.0,0.0,0.0,0.0,0.0,0.0,0.0,0.0,0.0,0.0,0.0,0.0
A00033,ret,1,BICYCLE,18.048119999999997,65.08333333333333,,,,,,,,,,,,,,,,,,,,,,,,,65.08333333333333,18.048119999999997,,,,,,,,,,0.0,0.0,0.0,0.0,0.0,0.0,0.0,0.0,0.0,0.0,0.0,0.0,0.0,0.0,0.0,0.0,0.0,0.0,0.0,0.0,0.0,0.0,0.0,0.0,0.0,0.0
A00034,ret,1,CAR,87.29939999999999,58.38333333333333,,,,,,,,,,,,,,,,,,,,,,,,,58.38333333333333,87.29939999999999,,,,,,,,,,16761.4848,0.0,0.0,0.0,0.0,0.0,0.0,0.0,0.0,0.0,0.0,0.0,16761.4848,37.102244999999996,0.0,0.0,0.0,0.0,0.0,0.0,0.0,0.0,0.0,0.0,0.0,37.102244999999996
A00035,ret,1,CAR,132.70716000000002,89.76666666666667,,,,,,,,,,,,,,,,,,,,,,,,,89.76666666666667,132.70716000000002,,,,,,,,,,25479.77472,0.0,0.0,0.0,0.0,0.0,0.0,0.0,0.0,0.0,0.0,0.0,25479.77472,56.400543000000006,0.0,0.0,0.0,0.0,0.0,0.0,0.0,0.0,0.0,0.0,0.0,56.400543000000006
A00036,ret,1,BICYCLE,17.32084,61.21666666666667,,,,,,,,,,,,,,,,,,,,,,,,,61.21666666666667,17.32084,,,,,,,,,,0.0,0.0,0.0,0.0,0.0,0.0,0.0,0.0,0.0,0.0,0.0,0.0,0.0,0.0,0.0,0.0,0.0,0.0,0.0,0.0,0.0,0.0,0.0,0.0,0.0,0.0
A00037,ret,1,CAR,82.95291999999999,53.31666666666667,,,,,,,,,,,,,,,,,,,,,,,,,53.31666666666667,82.95291999999999,,,,,,,,,,15926.960639999998,0.0,0.0,0.0,0.0,0.0,0.0,0.0,0.0,0.0,0.0,0.0,15926.960639999998,35.254991,0.0,0.0,0.0,0.0,0.0,0.0,0.0,0.0,0.0,0.0,0.0,35.254991
A00038,ret,1,BICYCLE,15.18267,52.86666666666667,,,,,,,,,,,,,,,,,,,,,,,,,52.86666666666667,15.18267,,,,,,,,,,0.0,0.0,0.0,0.0,0.0,0.0,0.0,0.0,0.0,0.0,0.0,0.0,0.0,0.0,0.0,0.0,0.0,0.0,0.0,0.0,0.0,0.0,0.0,0.0,0.0,0.0
A00039,ret,1,CAR,78.32836999999999,56.766666666666666,,,,,,,,,,,,,,,,,,,,,,,,,56.766666666666666,78.32836999999999,,,,,,,,,,15039.047039999998,0.0,0.0,0.0,0.0,0.0,0.0,0.0,0.0,0.0,0.0,0.0,15039.047039999998,33.289557249999994,0.0,0.0,0.0,0.0,0.0,0.0,0.0,0.0,0.0,0.0,0.0,33.289557249999994
A00040,ret,1,BICYCLE,31.03002,107.76666666666667,,,,,,,,,,,,,,,,,,,,,,,,,107.76666666666667,31.03002,,,,,,,,,,0.0,0.0,0.0,0.0,0.0,0.0,0.0,0.0,0.0,0.0,0.0,0.0,0.0,0.0,0.0,0.0,0.0,0.0,0.0,0.0,0.0,0.0,0.0,0.0,0.0,0.0
A00042,ret,1,BICYCLE,63.544830000000005,221.5,,,,,,,,,,,,,,,,,,,,,,,,,221.5,63.544830000000005,,,,,,,,,,0.0,0.0,0.0,0.0,0.0,0.0,0.0,0.0,0.0,0.0,0.0,0.0,0.0,0.0,0.0,0.0,0.0,0.0,0.0,0.0,0.0,0.0,0.0,0.0,0.0,0.0
A00043,ret,1,CAR,101.02037,63.93333333333333,,,,,,,,,,,,,,,,,,,,,,,,,63.93333333333333,101.02037,,,,,,,,,,19395.91104,0.0,0.0,0.0,0.0,0.0,0.0,0.0,0.0,0.0,0.0,0.0,19395.91104,42.933657249999996,0.0,0.0,0.0,0.0,0.0,0.0,0.0,0.0,0.0,0.0,0.0,42.933657249999996
A00044,ret,1,CAR,222.25556,139.28333333333333,,,,,,,,,,,,,,,,,,,,,,,,,139.28333333333333,222.25556,,,,,,,,,,42673.06752,0.0,0.0,0.0,0.0,0.0,0.0,0.0,0.0,0.0,0.0,0.0,42673.06752,94.458613,0.0,0.0,0.0,0.0,0.0,0.0,0.0,0.0,0.0,0.0,0.0,94.458613
A00045,ret,1,BICYCLE,30.64305,104.81666666666666,,,,,,,,,,,,,,,,,,,,,,,,,104.81666666666666,30.64305,,,,,,,,,,0.0,0.0,0.0,0.0,0.0,0.0,0.0,0.0,0.0,0.0,0.0,0.0,0.0,0.0,0.0,0.0,0.0,0.0,0.0,0.0,0.0,0.0,0.0,0.0,0.0,0.0
A00046,ret,1,CAR,213.56267000000003,136.68333333333334,,,,,,,,,,,,,,,,,,,,,,,,,136.68333333333334,213.56267000000003,,,,,,,,,,41004.032640000005,0.0,0.0,0.0,0.0,0.0,0.0,0.0,0.0,0.0,0.0,0.0,41004.032640000005,90.76413475000001,0.0,0.0,0.0,0.0,0.0,0.0,0.0,0.0,0.0,0.0,0.0,90.76413475000001
A00047,ret,1,BICYCLE,21.389110000000002,74.76666666666667,,,,,,,,,,,,,,,,,,,,,,,,,74.76666666666667,21.389110000000002,,,,,,,,,,0.0,0.0,0.0,0.0,0.0,0.0,0.0,0.0,0.0,0.0,0.0,0.0,0.0,0.0,0.0,0.0,0.0,0.0,0.0,0.0,0.0,0.0,0.0,0.0,0.0,0.0
A00048,ret,1,CAR,88.12419,56.38333333333333,,,,,,,,,,,,,,,,,,,,,,,,,56.38333333333333,88.12419,,,,,,,,,,16919.84448,0.0,0.0,0.0,0.0,0.0,0.0,0.0,0.0,0.0,0.0,0.0,16919.84448,37.452780749999995,0.0,0.0,0.0,0.0,0.0,0.0,0.0,0.0,0.0,0.0,0.0,37.452780749999995
A00049,ret,1,BICYCLE,27.90256,96.98333333333333,,,,,,,,,,,,,,,,,,,,,,,,,96.98333333333333,27.90256,,,,,,,,,,0.0,0.0,0.0,0.0,0.0,0.0,0.0,0.0,0.0,0.0,0.0,0.0,0.0,0.0,0.0,0.0,0.0,0.0,0.0,0.0,0.0,0.0,0.0,0.0,0.0,0.0
A00050,ret,1,BICYCLE,30.19762,104.56666666666666,,,,,,,,,,,,,,,,,,,,,,,,,104.56666666666666,30.19762,,,,,,,,,,0.0,0.0,0.0,0.0,0.0,0.0,0.0,0.0,0.0,0.0,0.0,0.0,0.0,0.0,0.0,0.0,0.0,0.0,0.0,0.0,0.0,0.0,0.0,0.0,0.0,0.0
A00051,ret,1,BICYCLE,27.337040000000002,96.03333333333333,,,,,,,,,,,,,,,,,,,,,,,,,96.03333333333333,27.337040000000002,,,,,,,,,,0.0,0.0,0.0,0.0,0.0,0.0,0.0,0.0,0.0,0.0,0.0,0.0,0.0,0.0,0.0,0.0,0.0,0.0,0.0,0.0,0.0,0.0,0.0,0.0,0.0,0.0
A00052,ret,1,CAR,67.57138,53.266666666666666,,,,,,,,,,,,,,,,,,,,,,,,,53.266666666666666,67.57138,,,,,,,,,,12973.704960000001,0.0,0.0,0.0,0.0,0.0,0.0,0.0,0.0,0.0,0.0,0.0,12973.704960000001,28.7178365,0.0,0.0,0.0,0.0,0.0,0.0,0.0,0.0,0.0,0.0,0.0,28.7178365
A00053,ret,1,BICYCLE,36.23406,126.33333333333333,,,,,,,,,,,,,,,,,,,,,,,,,126.33333333333333,36.23406,,,,,,,,,,0.0,0.0,0.0,0.0,0.0,0.0,0.0,0.0,0.0,0.0,0.0,0.0,0.0,0.0,0.0,0.0,0.0,0.0,0.0,0.0,0.0,0.0,0.0,0.0,0.0,0.0
A00054,ret,1,BICYCLE,68.65785000000001,238.33333333333334,,,,,,,,,,,,,,,,,,,,,,,,,238.33333333333334,68.65785000000001,,,,,,,,,,0.0,0.0,0.0,0.0,0.0,0.0,0.0,0.0,0.0,0.0,0.0,0.0,0.0,0.0,0.0,0.0,0.0,0.0,0.0,0.0,0.0,0.0,0.0,0.0,0.0,0.0
A00055,ret,1,BICYCLE,67.88587,237.86666666666667,,,,,,,,,,,,,,,,,,,,,,,,,237.86666666666667,67.88587,,,,,,,,,,0.0,0.0,0.0,0.0,0.0,0.0,0.0,0.0,0.0,0.0,0.0,0.0,0.0,0.0,0.0,0.0,0.0,0.0,0.0,0.0,0.0,0.0,0.0,0.0,0.0,0.0
A00056,ret,1,BICYCLE,13.54768,47.983333333333334,,,,,,,,,,,,,,,,,,,,,,,,,47.983333333333334,13.54768,,,,,,,,,,0.0,0.0,0.0,0.0,0.0,0.0,0.0,0.0,0.0,0.0,0.0,0.0,0.0,0.0,0.0,0.0,0.0,0.0,0.0,0.0,0.0,0.0,0.0,0.0,0.0,0.0
A00057,ret,1,BICYCLE,36.67807,131.7,,,,,,,,,,,,,,,,,,,,,,,,,131.7,36.67807,,,,,,,,,,0.0,0.0,0.0,0.0,0.0,0.0,0.0,0.0,0.0,0.0,0.0,0.0,0.0,0.0,0.0,0.0,0.0,0.0,0.0,0.0,0.0,0.0,0.0,0.0,0.0,0.0
A00058,ret,1,BICYCLE,19.12048,66.6,,,,,,,,,,,,,,,,,,,,,,,,,66.6,19.12048,,,,,,,,,,0.0,0.0,0.0,0.0,0.0,0.0,0.0,0.0,0.0,0.0,0.0,0.0,0.0,0.0,0.0,0.0,0.0,0.0,0.0,0.0,0.0,0.0,0.0,0.0,0.0,0.0
A00059,ret,2,WALK,1.77009,22.8,BUS,4.76383,12.0,WALK,0.31376,4.5,RAIL,10.246120000000001,9.0,WALK,0.40146,5.266666666666667,RAIL,80.00296,46.0,RAIL,99.15544,81.0,WALK,3.3565300000000002,44.96666666666667,,,,225.53333333333333,200.01019,,,,,,,,,,0.0,500.20214999999996,0.0,420.09092000000004,0.0,3280.12136,4065.37304,0.0,0.0,0.0,0.0,0.0,8265.78747,0.0,0.952766,0.0,1.5369180000000002,0.0,12.000444,14.873315999999999,0.0,0.0,0.0,0.0,0.0,29.363444
A00060,ret,1,WALK,2.53727,32.983333333333334,BUS,7.9465,21.0,WALK,0.18037,2.55,RAIL,80.00296,46.0,WALK,0.17661000000000002,2.683333333333333,RAIL,181.57776,113.0,WALK,0.17877,2.5833333333333335,RAIL,25.109180000000002,24.0,WALK,0.1757,2.55,280.31666666666666,311.64950999999996,BUS,12.748569999999999,20.0,WALK,1.01582,12.966666666666667,,,,0.0,834.3825,0.0,3280.12136,0.0,7444.688160000001,0.0,1029.47638,0.0,1338.5998499999998,0.0,0.0,13927.268250000001,0.0,1.5893000000000002,0.0,12.000444,0.0,27.236664,0.0,3.7663770000000003,0.0,2.549714,0.0,0.0,47.142499
A00063,ret,1,BICYCLE,22.19682,79.45,,,,,,,,,,,,,,,,,,,,,,,,,79.45,22.19682,,,,,,,,,,0.0,0.0,0.0,0.0,0.0,0.0,0.0,0.0,0.0,0.0,0.0,0.0,0.0,0.0,0.0,0.0,0.0,0.0,0.0,0.0,0.0,0.0,0.0,0.0,0.0,0.0
A00064,ret,1,CAR,69.54963000000001,53.96666666666667,,,,,,,,,,,,,,,,,,,,,,,,,53.96666666666667,69.54963000000001,,,,,,,,,,13353.528960000001,0.0,0.0,0.0,0.0,0.0,0.0,0.0,0.0,0.0,0.0,0.0,13353.528960000001,29.558592750000003,0.0,0.0,0.0,0.0,0.0,0.0,0.0,0.0,0.0,0.0,0.0,29.558592750000003
A00065,ret,1,CAR,175.2045,116.06666666666666,,,,,,,,,,,,,,,,,,,,,,,,,116.06666666666666,175.2045,,,,,,,,,,33639.263999999996,0.0,0.0,0.0,0.0,0.0,0.0,0.0,0.0,0.0,0.0,0.0,33639.263999999996,74.4619125,0.0,0.0,0.0,0.0,0.0,0.0,0.0,0.0,0.0,0.0,0.0,74.4619125
A00066,ret,1,BICYCLE,9.548110000000001,34.0,,,,,,,,,,,,,,,,,,,,,,,,,34.0,9.548110000000001,,,,,,,,,,0.0,0.0,0.0,0.0,0.0,0.0,0.0,0.0,0.0,0.0,0.0,0.0,0.0,0.0,0.0,0.0,0.0,0.0,0.0,0.0,0.0,0.0,0.0,0.0,0.0,0.0
A00067,ret,1,BICYCLE,23.03659,79.4,,,,,,,,,,,,,,,,,,,,,,,,,79.4,23.03659,,,,,,,,,,0.0,0.0,0.0,0.0,0.0,0.0,0.0,0.0,0.0,0.0,0.0,0.0,0.0,0.0,0.0,0.0,0.0,0.0,0.0,0.0,0.0,0.0,0.0,0.0,0.0,0.0
A00068,ret,1,CAR,81.7595,56.81666666666667,,,,,,,,,,,,,,,,,,,,,,,,,56.81666666666667,81.7595,,,,,,,,,,15697.824,0.0,0.0,0.0,0.0,0.0,0.0,0.0,0.0,0.0,0.0,0.0,15697.824,34.7477875,0.0,0.0,0.0,0.0,0.0,0.0,0.0,0.0,0.0,0.0,0.0,34.7477875
A00069,ret,1,BICYCLE,24.68368,86.45,,,,,,,,,,,,,,,,,,,,,,,,,86.45,24.68368,,,,,,,,,,0.0,0.0,0.0,0.0,0.0,0.0,0.0,0.0,0.0,0.0,0.0,0.0,0.0,0.0,0.0,0.0,0.0,0.0,0.0,0.0,0.0,0.0,0.0,0.0,0.0,0.0
A00070,ret,1,BICYCLE,50.13525,173.6,,,,,,,,,,,,,,,,,,,,,,,,,173.6,50.13525,,,,,,,,,,0.0,0.0,0.0,0.0,0.0,0.0,0.0,0.0,0.0,0.0,0.0,0.0,0.0,0.0,0.0,0.0,0.0,0.0,0.0,0.0,0.0,0.0,0.0,0.0,0.0,0.0
A00071,ret,1,CAR,109.90541,71.68333333333334,,,,,,,,,,,,,,,,,,,,,,,,,71.68333333333334,109.90541,,,,,,,,,,21101.83872,0.0,0.0,0.0,0.0,0.0,0.0,0.0,0.0,0.0,0.0,0.0,21101.83872,46.70979925,0.0,0.0,0.0,0.0,0.0,0.0,0.0,0.0,0.0,0.0,0.0,46.70979925
A00072,ret,1,CAR,113.00842,74.33333333333333,,,,,,,,,,,,,,,,,,,,,,,,,74.33333333333333,113.00842,,,,,,,,,,21697.61664,0.0,0.0,0.0,0.0,0.0,0.0,0.0,0.0,0.0,0.0,0.0,21697.61664,48.0285785,0.0,0.0,0.0,0.0,0.0,0.0,0.0,0.0,0.0,0.0,0.0,48.0285785
A00073,ret,1,BICYCLE,53.5301,187.2,,,,,,,,,,,,,,,,,,,,,,,,,187.2,53.5301,,,,,,,,,,0.0,0.0,0.0,0.0,0.0,0.0,0.0,0.0,0.0,0.0,0.0,0.0,0.0,0.0,0.0,0.0,0.0,0.0,0.0,0.0,0.0,0.0,0.0,0.0,0.0,0.0
A00074,ret,1,BICYCLE,25.665560000000003,89.96666666666667,,,,,,,,,,,,,,,,,,,,,,,,,89.96666666666667,25.665560000000003,,,,,,,,,,0.0,0.0,0.0,0.0,0.0,0.0,0.0,0.0,0.0,0.0,0.0,0.0,0.0,0.0,0.0,0.0,0.0,0.0,0.0,0.0,0.0,0.0,0.0,0.0,0.0,0.0
A00075,ret,1,BICYCLE,38.607150000000004,135.56666666666666,,,,,,,,,,,,,,,,,,,,,,,,,135.56666666666666,38.607150000000004,,,,,,,,,,0.0,0.0,0.0,0.0,0.0,0.0,0.0,0.0,0.0,0.0,0.0,0.0,0.0,0.0,0.0,0.0,0.0,0.0,0.0,0.0,0.0,0.0,0.0,0.0,0.0,0.0
A00076,ret,1,BICYCLE,31.56408,112.31666666666666,,,,,,,,,,,,,,,,,,,,,,,,,112.31666666666666,31.56408,,,,,,,,,,0.0,0.0,0.0,0.0,0.0,0.0,0.0,0.0,0.0,0.0,0.0,0.0,0.0,0.0,0.0,0.0,0.0,0.0,0.0,0.0,0.0,0.0,0.0,0.0,0.0,0.0
A00077,ret,1,BICYCLE,57.84768,203.51666666666668,,,,,,,,,,,,,,,,,,,,,,,,,203.51666666666668,57.84768,,,,,,,,,,0.0,0.0,0.0,0.0,0.0,0.0,0.0,0.0,0.0,0.0,0.0,0.0,0.0,0.0,0.0,0.0,0.0,0.0,0.0,0.0,0.0,0.0,0.0,0.0,0.0,0.0
A00078,ret,1,BICYCLE,38.81898,132.75,,,,,,,,,,,,,,,,,,,,,,,,,132.75,38.81898,,,,,,,,,,0.0,0.0,0.0,0.0,0.0,0.0,0.0,0.0,0.0,0.0,0.0,0.0,0.0,0.0,0.0,0.0,0.0,0.0,0.0,0.0,0.0,0.0,0.0,0.0,0.0,0.0
A00079,ret,1,BICYCLE,58.80603,212.16666666666666,,,,,,,,,,,,,,,,,,,,,,,,,212.16666666666666,58.80603,,,,,,,,,,0.0,0.0,0.0,0.0,0.0,0.0,0.0,0.0,0.0,0.0,0.0,0.0,0.0,0.0,0.0,0.0,0.0,0.0,0.0,0.0,0.0,0.0,0.0,0.0,0.0,0.0
A00080,ret,1,BICYCLE,26.51982,92.88333333333334,,,,,,,,,,,,,,,,,,,,,,,,,92.88333333333334,26.51982,,,,,,,,,,0.0,0.0,0.0,0.0,0.0,0.0,0.0,0.0,0.0,0.0,0.0,0.0,0.0,0.0,0.0,0.0,0.0,0.0,0.0,0.0,0.0,0.0,0.0,0.0,0.0,0.0
A00082,ret,1,BICYCLE,44.65772,155.53333333333333,,,,,,,,,,,,,,,,,,,,,,,,,155.53333333333333,44.65772,,,,,,,,,,0.0,0.0,0.0,0.0,0.0,0.0,0.0,0.0,0.0,0.0,0.0,0.0,0.0,0.0,0.0,0.0,0.0,0.0,0.0,0.0,0.0,0.0,0.0,0.0,0.0,0.0
A00083,ret,1,BICYCLE,30.99691,110.48333333333333,,,,,,,,,,,,,,,,,,,,,,,,,110.48333333333333,30.99691,,,,,,,,,,0.0,0.0,0.0,0.0,0.0,0.0,0.0,0.0,0.0,0.0,0.0,0.0,0.0,0.0,0.0,0.0,0.0,0.0,0.0,0.0,0.0,0.0,0.0,0.0,0.0,0.0
A00084,ret,1,BICYCLE,65.07241,226.33333333333334,,,,,,,,,,,,,,,,,,,,,,,,,226.33333333333334,65.07241,,,,,,,,,,0.0,0.0,0.0,0.0,0.0,0.0,0.0,0.0,0.0,0.0,0.0,0.0,0.0,0.0,0.0,0.0,0.0,0.0,0.0,0.0,0.0,0.0,0.0,0.0,0.0,0.0
A00085,ret,1,BICYCLE,62.69646,217.66666666666666,,,,,,,,,,,,,,,,,,,,,,,,,217.66666666666666,62.69646,,,,,,,,,,0.0,0.0,0.0,0.0,0.0,0.0,0.0,0.0,0.0,0.0,0.0,0.0,0.0,0.0,0.0,0.0,0.0,0.0,0.0,0.0,0.0,0.0,0.0,0.0,0.0,0.0
A00086,ret,1,CAR,111.68222,80.16666666666667,,,,,,,,,,,,,,,,,,,,,,,,,80.16666666666667,111.68222,,,,,,,,,,21442.98624,0.0,0.0,0.0,0.0,0.0,0.0,0.0,0.0,0.0,0.0,0.0,21442.98624,47.4649435,0.0,0.0,0.0,0.0,0.0,0.0,0.0,0.0,0.0,0.0,0.0,47.4649435
A00087,ret,1,BICYCLE,65.73667,229.46666666666667,,,,,,,,,,,,,,,,,,,,,,,,,229.46666666666667,65.73667,,,,,,,,,,0.0,0.0,0.0,0.0,0.0,0.0,0.0,0.0,0.0,0.0,0.0,0.0,0.0,0.0,0.0,0.0,0.0,0.0,0.0,0.0,0.0,0.0,0.0,0.0,0.0,0.0
A00088,ret,1,CAR,92.95585000000001,61.35,,,,,,,,,,,,,,,,,,,,,,,,,61.35,92.95585000000001,,,,,,,,,,17847.523200000003,0.0,0.0,0.0,0.0,0.0,0.0,0.0,0.0,0.0,0.0,0.0,17847.523200000003,39.50623625000001,0.0,0.0,0.0,0.0,0.0,0.0,0.0,0.0,0.0,0.0,0.0,39.50623625000001
A00090,ret,1,CAR,83.85,53.75,,,,,,,,,,,,,,,,,,,,,,,,,53.75,83.85,,,,,,,,,,16099.199999999999,0.0,0.0,0.0,0.0,0.0,0.0,0.0,0.0,0.0,0.0,0.0,16099.199999999999,35.63625,0.0,0.0,0.0,0.0,0.0,0.0,0.0,0.0,0.0,0.0,0.0,35.63625
A00091,ret,1,BICYCLE,31.7288,112.2,,,,,,,,,,,,,,,,,,,,,,,,,112.2,31.7288,,,,,,,,,,0.0,0.0,0.0,0.0,0.0,0.0,0.0,0.0,0.0,0.0,0.0,0.0,0.0,0.0,0.0,0.0,0.0,0.0,0.0,0.0,0.0,0.0,0.0,0.0,0.0,0.0
A00092,ret,1,BICYCLE,34.25725,120.3,,,,,,,,,,,,,,,,,,,,,,,,,120.3,34.25725,,,,,,,,,,0.0,0.0,0.0,0.0,0.0,0.0,0.0,0.0,0.0,0.0,0.0,0.0,0.0,0.0,0.0,0.0,0.0,0.0,0.0,0.0,0.0,0.0,0.0,0.0,0.0,0.0
A00093,ret,1,BICYCLE,44.006209999999996,154.9,,,,,,,,,,,,,,,,,,,,,,,,,154.9,44.006209999999996,,,,,,,,,,0.0,0.0,0.0,0.0,0.0,0.0,0.0,0.0,0.0,0.0,0.0,0.0,0.0,0.0,0.0,0.0,0.0,0.0,0.0,0.0,0.0,0.0,0.0,0.0,0.0,0.0
A00094,ret,1,BICYCLE,12.82493,44.85,,,,,,,,,,,,,,,,,,,,,,,,,44.85,12.82493,,,,,,,,,,0.0,0.0,0.0,0.0,0.0,0.0,0.0,0.0,0.0,0.0,0.0,0.0,0.0,0.0,0.0,0.0,0.0,0.0,0.0,0.0,0.0,0.0,0.0,0.0,0.0,0.0
A00095,ret,1,BICYCLE,49.390370000000004,172.11666666666667,,,,,,,,,,,,,,,,,,,,,,,,,172.11666666666667,49.390370000000004,,,,,,,,,,0.0,0.0,0.0,0.0,0.0,0.0,0.0,0.0,0.0,0.0,0.0,0.0,0.0,0.0,0.0,0.0,0.0,0.0,0.0,0.0,0.0,0.0,0.0,0.0,0.0,0.0
A00096,ret,1,BICYCLE,25.45916,90.4,,,,,,,,,,,,,,,,,,,,,,,,,90.4,25.45916,,,,,,,,,,0.0,0.0,0.0,0.0,0.0,0.0,0.0,0.0,0.0,0.0,0.0,0.0,0.0,0.0,0.0,0.0,0.0,0.0,0.0,0.0,0.0,0.0,0.0,0.0,0.0,0.0
A00097,ret,2,WALK,1.77009,22.8,BUS,4.76383,12.0,WALK,0.31376,4.5,RAIL,10.246120000000001,9.0,WALK,0.40146,5.266666666666667,RAIL,80.00296,46.0,RAIL,39.61813,28.0,WALK,0.16205,2.55,RAIL,28.623990000000003,19.0,181.3,168.30834,WALK,2.40595,32.18333333333333,,,,,,,0.0,500.20214999999996,0.0,420.09092000000004,0.0,3280.12136,1624.34333,0.0,1173.5835900000002,0.0,0.0,0.0,6998.34135,0.0,0.952766,0.0,1.5369180000000002,0.0,12.000444,5.9427195,0.0,4.2935985,0.0,0.0,0.0,24.726446000000003
A00098,ret,1,BICYCLE,46.937839999999994,161.7,,,,,,,,,,,,,,,,,,,,,,,,,161.7,46.937839999999994,,,,,,,,,,0.0,0.0,0.0,0.0,0.0,0.0,0.0,0.0,0.0,0.0,0.0,0.0,0.0,0.0,0.0,0.0,0.0,0.0,0.0,0.0,0.0,0.0,0.0,0.0,0.0,0.0
A00099,ret,1,BICYCLE,49.97261,170.85,,,,,,,,,,,,,,,,,,,,,,,,,170.85,49.97261,,,,,,,,,,0.0,0.0,0.0,0.0,0.0,0.0,0.0,0.0,0.0,0.0,0.0,0.0,0.0,0.0,0.0,0.0,0.0,0.0,0.0,0.0,0.0,0.0,0.0,0.0,0.0,0.0
A00100,ret,1,BICYCLE,41.56282,144.85,,,,,,,,,,,,,,,,,,,,,,,,,144.85,41.56282,,,,,,,,,,0.0,0.0,0.0,0.0,0.0,0.0,0.0,0.0,0.0,0.0,0.0,0.0,0.0,0.0,0.0,0.0,0.0,0.0,0.0,0.0,0.0,0.0,0.0,0.0,0.0,0.0
