attendee_id,direction,trip_option,leg1_mode,leg1_length,leg1_duration,leg2_mode,leg2_length,leg2_duration,leg3_mode,leg3_length,leg3_duration,leg4_mode,leg4_length,leg4_duration,total_duration,total_length,leg5_mode,leg5_length,leg5_duration,leg6_mode,leg6_length,leg6_duration,leg7_mode,leg7_length,leg7_duration,leg8_mode,leg8_length,leg8_duration,leg9_mode,leg9_length,leg9_duration,leg10_mode,leg10_length,leg10_duration,leg11_mode,leg11_length,leg11_duration,leg12_mode,leg12_length,leg12_duration,leg13_mode,leg13_length,leg13_duration,leg1_carbon,leg2_carbon,leg3_carbon,leg4_carbon,leg5_carbon,leg6_carbon,leg7_carbon,leg8_carbon,leg9_carbon,leg10_carbon,leg11_carbon,leg12_carbon,leg13_carbon,calculated_total_carbon_footprint,leg1_cost,leg2_cost,leg3_cost,leg4_cost,leg5_cost,leg6_cost,leg7_cost,leg8_cost,leg9_cost,leg10_cost,leg11_cost,leg12_cost,leg13_cost,calculated_total_cost
A00001,ret,1,WALK,15.87382,203.38333333333333,,,,,,,,,,203.38333333333333,15.87382,,,,,,,,,,,,,,,,,,,,,,,,,,,,0.0,0.0,0.0,0.0,0.0,0.0,0.0,0.0,0.0,0.0,0.0,0.0,0.0,0.0,0.0,0.0,0.0,0.0,0.0,0.0,0.0,0.0,0.0,0.0,0.0,0.0,0.0,0.0
A00002,ret,1,WALK,1.7692999999999999,22.8,BUS,9.71358,21.0,WALK,0.18037,2.55,RAIL,80.00296,46.0,290.9,304.88331,RAIL,39.61813,28.0,WALK,0.03995,0.6166666666666667,RAIL,155.81224,111.0,RAIL,10.89649,10.0,WALK,0.24918,3.45,BUS,3.49581,6.0,WALK,3.1053,39.483333333333334,,,,,,,0.0,1019.9259000000001,0.0,3280.12136,1624.34333,0.0,6388.30184,446.75609,0.0,367.06005,0.0,0.0,0.0,13126.50857,0.0,1.942716,0.0,12.000444,5.9427195,0.0,23.371836,1.6344735,0.0,0.6991620000000001,0.0,0.0,0.0,45.591351
A00003,ret,1,BICYCLE,51.50049,181.61666666666667,,,,,,,,,,181.61666666666667,51.50049,,,,,,,,,,,,,,,,,,,,,,,,,,,,0.0,0.0,0.0,0.0,0.0,0.0,0.0,0.0,0.0,0.0,0.0,0.0,0.0,0.0,0.0,0.0,0.0,0.0,0.0,0.0,0.0,0.0,0.0,0.0,0.0,0.0,0.0,0.0
A00004,ret,1,CAR,208.02885999999998,138.96666666666667,,,,,,,,,,138.96666666666667,208.02885999999998,,,,,,,,,,,,,,,,,,,,,,,,,,,,39941.541119999994,0.0,0.0,0.0,0.0,0.0,0.0,0.0,0.0,0.0,0.0,0.0,0.0,39941.541119999994,88.41226549999999,0.0,0.0,0.0,0.0,0.0,0.0,0.0,0.0,0.0,0.0,0.0,0.0,88.41226549999999
A00005,ret,1,WALK,12.263860000000001,158.06666666666666,,,,,,,,,,158.06666666666666,12.263860000000001,,,,,,,,,,,,,,,,,,,,,,,,,,,,0.0,0.0,0.0,0.0,0.0,0.0,0.0,0.0,0.0,0.0,0.0,0.0,0.0,0.0,0.0,0.0,0.0,0.0,0.0,0.0,0.0,0.0,0.0,0.0,0.0,0.0,0.0,0.0
A00006,ret,1,CAR,134.63636,91.11666666666666,,,,,,,,,,91.11666666666666,134.63636,,,,,,,,,,,,,,,,,,,,,,,,,,,,25850.18112,0.0,0.0,0.0,0.0,0.0,0.0,0.0,0.0,0.0,0.0,0.0,0.0,25850.18112,57.220453,0.0,0.0,0.0,0.0,0.0,0.0,0.0,0.0,0.0,0.0,0.0,0.0,57.220453
A00007,ret,1,WALK,1.7692999999999999,22.8,BUS,9.71358,21.0,WALK,0.18037,2.55,RAIL,119.62109,74.0,295.56666666666666,225.87632000000002,RAIL,78.08928,88.0,WALK,1.98292,25.783333333333335,FERRY,4.538,20.0,WALK,0.16924,2.7666666666666666,BUS,7.405810000000001,8.0,WALK,2.40673,30.666666666666668,,,,,,,,,,0.0,1019.9259000000001,0.0,4904.46469,3201.66048,0.0,0.0,0.0,777.6100500000001,0.0,0.0,0.0,0.0,9903.661119999999,0.0,1.942716,0.0,17.943163499999997,11.713392,0.0,0.0,0.0,1.4811620000000003,0.0,0.0,0.0,0.0,33.0804335
A00008,ret,1,WALK,7.82768,99.41666666666667,,,,,,,,,,99.41666666666667,7.82768,,,,,,,,,,,,,,,,,,,,,,,,,,,,0.0,0.0,0.0,0.0,0.0,0.0,0.0,0.0,0.0,0.0,0.0,0.0,0.0,0.0,0.0,0.0,0.0,0.0,0.0,0.0,0.0,0.0,0.0,0.0,0.0,0.0,0.0,0.0
A00009,ret,1,CAR,35.53047,27.35,,,,,,,,,,27.35,35.53047,,,,,,,,,,,,,,,,,,,,,,,,,,,,6821.85024,0.0,0.0,0.0,0.0,0.0,0.0,0.0,0.0,0.0,0.0,0.0,0.0,6821.85024,15.10044975,0.0,0.0,0.0,0.0,0.0,0.0,0.0,0.0,0.0,0.0,0.0,0.0,15.10044975
A00010,ret,1,WALK,15.18841,193.65,,,,,,,,,,193.65,15.18841,,,,,,,,,,,,,,,,,,,,,,,,,,,,0.0,0.0,0.0,0.0,0.0,0.0,0.0,0.0,0.0,0.0,0.0,0.0,0.0,0.0,0.0,0.0,0.0,0.0,0.0,0.0,0.0,0.0,0.0,0.0,0.0,0.0,0.0,0.0
A00011,ret,1,WALK,2.75937,35.86666666666667,,,,,,,,,,35.86666666666667,2.75937,,,,,,,,,,,,,,,,,,,,,,,,,,,,0.0,0.0,0.0,0.0,0.0,0.0,0.0,0.0,0.0,0.0,0.0,0.0,0.0,0.0,0.0,0.0,0.0,0.0,0.0,0.0,0.0,0.0,0.0,0.0,0.0,0.0,0.0,0.0
A00012,ret,1,BICYCLE,16.22422,58.583333333333336,,,,,,,,,,58.583333333333336,16.22422,,,,,,,,,,,,,,,,,,,,,,,,,,,,0.0,0.0,0.0,0.0,0.0,0.0,0.0,0.0,0.0,0.0,0.0,0.0,0.0,0.0,0.0,0.0,0.0,0.0,0.0,0.0,0.0,0.0,0.0,0.0,0.0,0.0,0.0,0.0
A00013,ret,1,WALK,14.98163,188.96666666666667,,,,,,,,,,188.96666666666667,14.98163,,,,,,,,,,,,,,,,,,,,,,,,,,,,0.0,0.0,0.0,0.0,0.0,0.0,0.0,0.0,0.0,0.0,0.0,0.0,0.0,0.0,0.0,0.0,0.0,0.0,0.0,0.0,0.0,0.0,0.0,0.0,0.0,0.0,0.0,0.0
A00015,ret,1,BICYCLE,15.18204,53.71666666666667,,,,,,,,,,53.71666666666667,15.18204,,,,,,,,,,,,,,,,,,,,,,,,,,,,0.0,0.0,0.0,0.0,0.0,0.0,0.0,0.0,0.0,0.0,0.0,0.0,0.0,0.0,0.0,0.0,0.0,0.0,0.0,0.0,0.0,0.0,0.0,0.0,0.0,0.0,0.0,0.0
A00016,ret,1,WALK,10.055069999999999,128.6,,,,,,,,,,128.6,10.055069999999999,,,,,,,,,,,,,,,,,,,,,,,,,,,,0.0,0.0,0.0,0.0,0.0,0.0,0.0,0.0,0.0,0.0,0.0,0.0,0.0,0.0,0.0,0.0,0.0,0.0,0.0,0.0,0.0,0.0,0.0,0.0,0.0,0.0,0.0,0.0
A00018,ret,1,WALK,7.94587,101.85,,,,,,,,,,101.85,7.94587,,,,,,,,,,,,,,,,,,,,,,,,,,,,0.0,0.0,0.0,0.0,0.0,0.0,0.0,0.0,0.0,0.0,0.0,0.0,0.0,0.0,0.0,0.0,0.0,0.0,0.0,0.0,0.0,0.0,0.0,0.0,0.0,0.0,0.0,0.0
A00019,ret,1,WALK,13.78263,176.38333333333333,,,,,,,,,,176.38333333333333,13.78263,,,,,,,,,,,,,,,,,,,,,,,,,,,,0.0,0.0,0.0,0.0,0.0,0.0,0.0,0.0,0.0,0.0,0.0,0.0,0.0,0.0,0.0,0.0,0.0,0.0,0.0,0.0,0.0,0.0,0.0,0.0,0.0,0.0,0.0,0.0
A00020,ret,1,WALK,9.89342,126.5,,,,,,,,,,126.5,9.89342,,,,,,,,,,,,,,,,,,,,,,,,,,,,0.0,0.0,0.0,0.0,0.0,0.0,0.0,0.0,0.0,0.0,0.0,0.0,0.0,0.0,0.0,0.0,0.0,0.0,0.0,0.0,0.0,0.0,0.0,0.0,0.0,0.0,0.0,0.0
A00023,ret,1,BICYCLE,21.75139,75.55,,,,,,,,,,75.55,21.75139,,,,,,,,,,,,,,,,,,,,,,,,,,,,0.0,0.0,0.0,0.0,0.0,0.0,0.0,0.0,0.0,0.0,0.0,0.0,0.0,0.0,0.0,0.0,0.0,0.0,0.0,0.0,0.0,0.0,0.0,0.0,0.0,0.0,0.0,0.0
A00024,ret,1,WALK,13.99738,179.11666666666667,,,,,,,,,,179.11666666666667,13.99738,,,,,,,,,,,,,,,,,,,,,,,,,,,,0.0,0.0,0.0,0.0,0.0,0.0,0.0,0.0,0.0,0.0,0.0,0.0,0.0,0.0,0.0,0.0,0.0,0.0,0.0,0.0,0.0,0.0,0.0,0.0,0.0,0.0,0.0,0.0
A00025,ret,1,BICYCLE,17.6058,62.15,,,,,,,,,,62.15,17.6058,,,,,,,,,,,,,,,,,,,,,,,,,,,,0.0,0.0,0.0,0.0,0.0,0.0,0.0,0.0,0.0,0.0,0.0,0.0,0.0,0.0,0.0,0.0,0.0,0.0,0.0,0.0,0.0,0.0,0.0,0.0,0.0,0.0,0.0,0.0
A00026,ret,1,BICYCLE,32.83993,114.65,,,,,,,,,,114.65,32.83993,,,,,,,,,,,,,,,,,,,,,,,,,,,,0.0,0.0,0.0,0.0,0.0,0.0,0.0,0.0,0.0,0.0,0.0,0.0,0.0,0.0,0.0,0.0,0.0,0.0,0.0,0.0,0.0,0.0,0.0,0.0,0.0,0.0,0.0,0.0
A00027,ret,1,CAR,149.46007999999998,102.63333333333334,,,,,,,,,,102.63333333333334,149.46007999999998,,,,,,,,,,,,,,,,,,,,,,,,,,,,28696.335359999997,0.0,0.0,0.0,0.0,0.0,0.0,0.0,0.0,0.0,0.0,0.0,0.0,28696.335359999997,63.52053399999999,0.0,0.0,0.0,0.0,0.0,0.0,0.0,0.0,0.0,0.0,0.0,0.0,63.52053399999999
A00028,ret,1,BICYCLE,23.9441,84.03333333333333,,,,,,,,,,84.03333333333333,23.9441,,,,,,,,,,,,,,,,,,,,,,,,,,,,0.0,0.0,0.0,0.0,0.0,0.0,0.0,0.0,0.0,0.0,0.0,0.0,0.0,0.0,0.0,0.0,0.0,0.0,0.0,0.0,0.0,0.0,0.0,0.0,0.0,0.0,0.0,0.0
A00030,ret,1,CAR,106.73999,76.33333333333333,,,,,,,,,,76.33333333333333,106.73999,,,,,,,,,,,,,,,,,,,,,,,,,,,,20494.07808,0.0,0.0,0.0,0.0,0.0,0.0,0.0,0.0,0.0,0.0,0.0,0.0,20494.07808,45.36449575,0.0,0.0,0.0,0.0,0.0,0.0,0.0,0.0,0.0,0.0,0.0,0.0,45.36449575
A00031,ret,1,BICYCLE,27.200680000000002,99.01666666666667,,,,,,,,,,99.01666666666667,27.200680000000002,,,,,,,,,,,,,,,,,,,,,,,,,,,,0.0,0.0,0.0,0.0,0.0,0.0,0.0,0.0,0.0,0.0,0.0,0.0,0.0,0.0,0.0,0.0,0.0,0.0,0.0,0.0,0.0,0.0,0.0,0.0,0.0,0.0,0.0,0.0
A00032,ret,1,WALK,3.84856,49.483333333333334,,,,,,,,,,49.483333333333334,3.84856,,,,,,,,,,,,,,,,,,,,,,,,,,,,0.0,0.0,0.0,0.0,0.0,0.0,0.0,0.0,0.0,0.0,0.0,0.0,0.0,0.0,0.0,0.0,0.0,0.0,0.0,0.0,0.0,0.0,0.0,0.0,0.0,0.0,0.0,0.0
A00033,ret,1,CAR,110.53508000000001,78.63333333333334,,,,,,,,,,78.63333333333334,110.53508000000001,,,,,,,,,,,,,,,,,,,,,,,,,,,,21222.735360000002,0.0,0.0,0.0,0.0,0.0,0.0,0.0,0.0,0.0,0.0,0.0,0.0,21222.735360000002,46.977409,0.0,0.0,0.0,0.0,0.0,0.0,0.0,0.0,0.0,0.0,0.0,0.0,46.977409
A00034,ret,1,BICYCLE,24.008029999999998,84.03333333333333,,,,,,,,,,84.03333333333333,24.008029999999998,,,,,,,,,,,,,,,,,,,,,,,,,,,,0.0,0.0,0.0,0.0,0.0,0.0,0.0,0.0,0.0,0.0,0.0,0.0,0.0,0.0,0.0,0.0,0.0,0.0,0.0,0.0,0.0,0.0,0.0,0.0,0.0,0.0,0.0,0.0
A00035,ret,1,WALK,5.89609,75.88333333333334,,,,,,,,,,75.88333333333334,5.89609,,,,,,,,,,,,,,,,,,,,,,,,,,,,0.0,0.0,0.0,0.0,0.0,0.0,0.0,0.0,0.0,0.0,0.0,0.0,0.0,0.0,0.0,0.0,0.0,0.0,0.0,0.0,0.0,0.0,0.0,0.0,0.0,0.0,0.0,0.0
A00036,ret,1,BICYCLE,16.27476,60.13333333333333,,,,,,,,,,60.13333333333333,16.27476,,,,,,,,,,,,,,,,,,,,,,,,,,,,0.0,0.0,0.0,0.0,0.0,0.0,0.0,0.0,0.0,0.0,0.0,0.0,0.0,0.0,0.0,0.0,0.0,0.0,0.0,0.0,0.0,0.0,0.0,0.0,0.0,0.0,0.0,0.0
A00037,ret,1,WALK,13.7183,175.56666666666666,,,,,,,,,,175.56666666666666,13.7183,,,,,,,,,,,,,,,,,,,,,,,,,,,,0.0,0.0,0.0,0.0,0.0,0.0,0.0,0.0,0.0,0.0,0.0,0.0,0.0,0.0,0.0,0.0,0.0,0.0,0.0,0.0,0.0,0.0,0.0,0.0,0.0,0.0,0.0,0.0
A00038,ret,1,WALK,13.39448,170.13333333333333,,,,,,,,,,170.13333333333333,13.39448,,,,,,,,,,,,,,,,,,,,,,,,,,,,0.0,0.0,0.0,0.0,0.0,0.0,0.0,0.0,0.0,0.0,0.0,0.0,0.0,0.0,0.0,0.0,0.0,0.0,0.0,0.0,0.0,0.0,0.0,0.0,0.0,0.0,0.0,0.0
A00039,ret,1,CAR,159.3341,103.81666666666666,,,,,,,,,,103.81666666666666,159.3341,,,,,,,,,,,,,,,,,,,,,,,,,,,,30592.1472,0.0,0.0,0.0,0.0,0.0,0.0,0.0,0.0,0.0,0.0,0.0,0.0,30592.1472,67.7169925,0.0,0.0,0.0,0.0,0.0,0.0,0.0,0.0,0.0,0.0,0.0,0.0,67.7169925
A00040,ret,1,BICYCLE,25.71157,91.08333333333333,,,,,,,,,,91.08333333333333,25.71157,,,,,,,,,,,,,,,,,,,,,,,,,,,,0.0,0.0,0.0,0.0,0.0,0.0,0.0,0.0,0.0,0.0,0.0,0.0,0.0,0.0,0.0,0.0,0.0,0.0,0.0,0.0,0.0,0.0,0.0,0.0,0.0,0.0,0.0,0.0
A00042,ret,1,BICYCLE,18.52702,67.33333333333333,,,,,,,,,,67.33333333333333,18.52702,,,,,,,,,,,,,,,,,,,,,,,,,,,,0.0,0.0,0.0,0.0,0.0,0.0,0.0,0.0,0.0,0.0,0.0,0.0,0.0,0.0,0.0,0.0,0.0,0.0,0.0,0.0,0.0,0.0,0.0,0.0,0.0,0.0,0.0,0.0
A00043,ret,1,WALK,1.7692999999999999,22.8,BUS,9.71358,21.0,WALK,0.18037,2.55,RAIL,107.52636,69.0,169.16666666666666,136.79471,RAIL,14.37893,12.0,WALK,3.22617,41.81666666666667,,,,,,,,,,,,,,,,,,,,,,0.0,1019.9259000000001,0.0,4408.58076,589.5361300000001,0.0,0.0,0.0,0.0,0.0,0.0,0.0,0.0,6018.04279,0.0,1.942716,0.0,16.128954,2.1568395,0.0,0.0,0.0,0.0,0.0,0.0,0.0,0.0,20.2285095
A00046,ret,1,WALK,5.29686,67.2,,,,,,,,,,67.2,5.29686,,,,,,,,,,,,,,,,,,,,,,,,,,,,0.0,0.0,0.0,0.0,0.0,0.0,0.0,0.0,0.0,0.0,0.0,0.0,0.0,0.0,0.0,0.0,0.0,0.0,0.0,0.0,0.0,0.0,0.0,0.0,0.0,0.0,0.0,0.0
A00047,ret,1,WALK,6.08002,77.31666666666666,,,,,,,,,,77.31666666666666,6.08002,,,,,,,,,,,,,,,,,,,,,,,,,,,,0.0,0.0,0.0,0.0,0.0,0.0,0.0,0.0,0.0,0.0,0.0,0.0,0.0,0.0,0.0,0.0,0.0,0.0,0.0,0.0,0.0,0.0,0.0,0.0,0.0,0.0,0.0,0.0
A00048,ret,1,WALK,11.515780000000001,148.01666666666668,,,,,,,,,,148.01666666666668,11.515780000000001,,,,,,,,,,,,,,,,,,,,,,,,,,,,0.0,0.0,0.0,0.0,0.0,0.0,0.0,0.0,0.0,0.0,0.0,0.0,0.0,0.0,0.0,0.0,0.0,0.0,0.0,0.0,0.0,0.0,0.0,0.0,0.0,0.0,0.0,0.0
A00049,ret,1,WALK,12.01332,154.16666666666666,,,,,,,,,,154.16666666666666,12.01332,,,,,,,,,,,,,,,,,,,,,,,,,,,,0.0,0.0,0.0,0.0,0.0,0.0,0.0,0.0,0.0,0.0,0.0,0.0,0.0,0.0,0.0,0.0,0.0,0.0,0.0,0.0,0.0,0.0,0.0,0.0,0.0,0.0,0.0,0.0
A00050,ret,1,BICYCLE,30.17641,105.75,,,,,,,,,,105.75,30.17641,,,,,,,,,,,,,,,,,,,,,,,,,,,,0.0,0.0,0.0,0.0,0.0,0.0,0.0,0.0,0.0,0.0,0.0,0.0,0.0,0.0,0.0,0.0,0.0,0.0,0.0,0.0,0.0,0.0,0.0,0.0,0.0,0.0,0.0,0.0
A00051,ret,1,WALK,6.91067,88.4,,,,,,,,,,88.4,6.91067,,,,,,,,,,,,,,,,,,,,,,,,,,,,0.0,0.0,0.0,0.0,0.0,0.0,0.0,0.0,0.0,0.0,0.0,0.0,0.0,0.0,0.0,0.0,0.0,0.0,0.0,0.0,0.0,0.0,0.0,0.0,0.0,0.0,0.0,0.0
A00052,ret,1,WALK,2.53727,32.983333333333334,BUS,7.9465,21.0,WALK,0.18037,2.55,RAIL,80.00296,46.0,265.96666666666664,285.0005,WALK,0.17661000000000002,2.683333333333333,RAIL,87.86362,49.0,WALK,0.21542,3.3833333333333333,RAIL,75.00341,53.0,WALK,0.15242,2.316666666666667,BUS,20.194200000000002,16.0,WALK,0.07157,1.1333333333333333,BUS,8.767520000000001,12.0,WALK,1.88863,23.916666666666668,0.0,834.3825,0.0,3280.12136,0.0,3602.4084199999998,0.0,3075.13981,0.0,2120.391,0.0,920.5896000000001,0.0,13833.032689999998,0.0,1.5893000000000002,0.0,12.000444,0.0,13.179542999999999,0.0,11.2505115,0.0,4.03884,0.0,1.7535040000000004,0.0,43.8121425
A00053,ret,1,WALK,1.7692999999999999,22.8,BUS,9.71358,21.0,WALK,0.18037,2.55,RAIL,113.71001,67.0,165.01666666666665,154.8182,WALK,0.15663999999999997,2.566666666666667,BUS,28.25395,35.86666666666667,WALK,1.0343499999999999,13.233333333333333,,,,,,,,,,,,,,,,,,,0.0,1019.9259000000001,0.0,4662.11041,0.0,2966.66475,0.0,0.0,0.0,0.0,0.0,0.0,0.0,8648.70106,0.0,1.942716,0.0,17.0565015,0.0,5.650790000000001,0.0,0.0,0.0,0.0,0.0,0.0,0.0,24.6500075
A00054,ret,1,BICYCLE,22.702360000000002,81.86666666666666,,,,,,,,,,81.86666666666666,22.702360000000002,,,,,,,,,,,,,,,,,,,,,,,,,,,,0.0,0.0,0.0,0.0,0.0,0.0,0.0,0.0,0.0,0.0,0.0,0.0,0.0,0.0,0.0,0.0,0.0,0.0,0.0,0.0,0.0,0.0,0.0,0.0,0.0,0.0,0.0,0.0
A00055,ret,1,WALK,11.07705,142.48333333333332,,,,,,,,,,142.48333333333332,11.07705,,,,,,,,,,,,,,,,,,,,,,,,,,,,0.0,0.0,0.0,0.0,0.0,0.0,0.0,0.0,0.0,0.0,0.0,0.0,0.0,0.0,0.0,0.0,0.0,0.0,0.0,0.0,0.0,0.0,0.0,0.0,0.0,0.0,0.0,0.0
A00056,ret,1,WALK,6.997739999999999,89.75,,,,,,,,,,89.75,6.997739999999999,,,,,,,,,,,,,,,,,,,,,,,,,,,,0.0,0.0,0.0,0.0,0.0,0.0,0.0,0.0,0.0,0.0,0.0,0.0,0.0,0.0,0.0,0.0,0.0,0.0,0.0,0.0,0.0,0.0,0.0,0.0,0.0,0.0,0.0,0.0
A00057,ret,1,WALK,2.16248,28.066666666666666,,,,,,,,,,28.066666666666666,2.16248,,,,,,,,,,,,,,,,,,,,,,,,,,,,0.0,0.0,0.0,0.0,0.0,0.0,0.0,0.0,0.0,0.0,0.0,0.0,0.0,0.0,0.0,0.0,0.0,0.0,0.0,0.0,0.0,0.0,0.0,0.0,0.0,0.0,0.0,0.0
A00058,ret,1,WALK,13.68776,175.2,,,,,,,,,,175.2,13.68776,,,,,,,,,,,,,,,,,,,,,,,,,,,,0.0,0.0,0.0,0.0,0.0,0.0,0.0,0.0,0.0,0.0,0.0,0.0,0.0,0.0,0.0,0.0,0.0,0.0,0.0,0.0,0.0,0.0,0.0,0.0,0.0,0.0,0.0,0.0
A00059,ret,1,BICYCLE,49.74939,173.31666666666666,,,,,,,,,,173.31666666666666,49.74939,,,,,,,,,,,,,,,,,,,,,,,,,,,,0.0,0.0,0.0,0.0,0.0,0.0,0.0,0.0,0.0,0.0,0.0,0.0,0.0,0.0,0.0,0.0,0.0,0.0,0.0,0.0,0.0,0.0,0.0,0.0,0.0,0.0,0.0,0.0
A00060,ret,1,CAR,143.07326,98.88333333333334,,,,,,,,,,98.88333333333334,143.07326,,,,,,,,,,,,,,,,,,,,,,,,,,,,27470.06592,0.0,0.0,0.0,0.0,0.0,0.0,0.0,0.0,0.0,0.0,0.0,0.0,27470.06592,60.8061355,0.0,0.0,0.0,0.0,0.0,0.0,0.0,0.0,0.0,0.0,0.0,0.0,60.8061355
A00062,ret,1,CAR,137.88406,89.46666666666667,,,,,,,,,,89.46666666666667,137.88406,,,,,,,,,,,,,,,,,,,,,,,,,,,,26473.739520000003,0.0,0.0,0.0,0.0,0.0,0.0,0.0,0.0,0.0,0.0,0.0,0.0,26473.739520000003,58.6007255,0.0,0.0,0.0,0.0,0.0,0.0,0.0,0.0,0.0,0.0,0.0,0.0,58.6007255
A00063,ret,1,CAR,148.38115,92.4,,,,,,,,,,92.4,148.38115,,,,,,,,,,,,,,,,,,,,,,,,,,,,28489.1808,0.0,0.0,0.0,0.0,0.0,0.0,0.0,0.0,0.0,0.0,0.0,0.0,28489.1808,63.06198875,0.0,0.0,0.0,0.0,0.0,0.0,0.0,0.0,0.0,0.0,0.0,0.0,63.06198875
A00064,ret,1,CAR,135.53541,87.6,,,,,,,,,,87.6,135.53541,,,,,,,,,,,,,,,,,,,,,,,,,,,,26022.798720000003,0.0,0.0,0.0,0.0,0.0,0.0,0.0,0.0,0.0,0.0,0.0,0.0,26022.798720000003,57.60254925,0.0,0.0,0.0,0.0,0.0,0.0,0.0,0.0,0.0,0.0,0.0,0.0,57.60254925
A00065,ret,1,BICYCLE,68.23003999999999,235.1,,,,,,,,,,235.1,68.23003999999999,,,,,,,,,,,,,,,,,,,,,,,,,,,,0.0,0.0,0.0,0.0,0.0,0.0,0.0,0.0,0.0,0.0,0.0,0.0,0.0,0.0,0.0,0.0,0.0,0.0,0.0,0.0,0.0,0.0,0.0,0.0,0.0,0.0,0.0,0.0
A00066,ret,1,WALK,7.48762,94.71666666666667,,,,,,,,,,94.71666666666667,7.48762,,,,,,,,,,,,,,,,,,,,,,,,,,,,0.0,0.0,0.0,0.0,0.0,0.0,0.0,0.0,0.0,0.0,0.0,0.0,0.0,0.0,0.0,0.0,0.0,0.0,0.0,0.0,0.0,0.0,0.0,0.0,0.0,0.0,0.0,0.0
A00067,ret,1,BICYCLE,55.16615,188.56666666666666,,,,,,,,,,188.56666666666666,55.16615,,,,,,,,,,,,,,,,,,,,,,,,,,,,0.0,0.0,0.0,0.0,0.0,0.0,0.0,0.0,0.0,0.0,0.0,0.0,0.0,0.0,0.0,0.0,0.0,0.0,0.0,0.0,0.0,0.0,0.0,0.0,0.0,0.0,0.0,0.0
A00068,ret,1,BICYCLE,25.60617,91.51666666666667,,,,,,,,,,91.51666666666667,25.60617,,,,,,,,,,,,,,,,,,,,,,,,,,,,0.0,0.0,0.0,0.0,0.0,0.0,0.0,0.0,0.0,0.0,0.0,0.0,0.0,0.0,0.0,0.0,0.0,0.0,0.0,0.0,0.0,0.0,0.0,0.0,0.0,0.0,0.0,0.0
A00069,ret,1,BICYCLE,25.681669999999997,88.95,,,,,,,,,,88.95,25.681669999999997,,,,,,,,,,,,,,,,,,,,,,,,,,,,0.0,0.0,0.0,0.0,0.0,0.0,0.0,0.0,0.0,0.0,0.0,0.0,0.0,0.0,0.0,0.0,0.0,0.0,0.0,0.0,0.0,0.0,0.0,0.0,0.0,0.0,0.0,0.0
A00071,ret,1,CAR,85.4294,59.0,,,,,,,,,,59.0,85.4294,,,,,,,,,,,,,,,,,,,,,,,,,,,,16402.4448,0.0,0.0,0.0,0.0,0.0,0.0,0.0,0.0,0.0,0.0,0.0,0.0,16402.4448,36.307495,0.0,0.0,0.0,0.0,0.0,0.0,0.0,0.0,0.0,0.0,0.0,0.0,36.307495
A00072,ret,1,BICYCLE,32.500299999999996,114.33333333333333,,,,,,,,,,114.33333333333333,32.500299999999996,,,,,,,,,,,,,,,,,,,,,,,,,,,,0.0,0.0,0.0,0.0,0.0,0.0,0.0,0.0,0.0,0.0,0.0,0.0,0.0,0.0,0.0,0.0,0.0,0.0,0.0,0.0,0.0,0.0,0.0,0.0,0.0,0.0,0.0,0.0
A00073,ret,1,BICYCLE,16.29129,59.15,,,,,,,,,,59.15,16.29129,,,,,,,,,,,,,,,,,,,,,,,,,,,,0.0,0.0,0.0,0.0,0.0,0.0,0.0,0.0,0.0,0.0,0.0,0.0,0.0,0.0,0.0,0.0,0.0,0.0,0.0,0.0,0.0,0.0,0.0,0.0,0.0,0.0,0.0,0.0
A00074,ret,1,BICYCLE,19.430310000000002,70.38333333333334,,,,,,,,,,70.38333333333334,19.430310000000002,,,,,,,,,,,,,,,,,,,,,,,,,,,,0.0,0.0,0.0,0.0,0.0,0.0,0.0,0.0,0.0,0.0,0.0,0.0,0.0,0.0,0.0,0.0,0.0,0.0,0.0,0.0,0.0,0.0,0.0,0.0,0.0,0.0,0.0,0.0
A00075,ret,1,BICYCLE,31.22481,111.06666666666666,,,,,,,,,,111.06666666666666,31.22481,,,,,,,,,,,,,,,,,,,,,,,,,,,,0.0,0.0,0.0,0.0,0.0,0.0,0.0,0.0,0.0,0.0,0.0,0.0,0.0,0.0,0.0,0.0,0.0,0.0,0.0,0.0,0.0,0.0,0.0,0.0,0.0,0.0,0.0,0.0
A00076,ret,1,BICYCLE,46.933099999999996,161.6,,,,,,,,,,161.6,46.933099999999996,,,,,,,,,,,,,,,,,,,,,,,,,,,,0.0,0.0,0.0,0.0,0.0,0.0,0.0,0.0,0.0,0.0,0.0,0.0,0.0,0.0,0.0,0.0,0.0,0.0,0.0,0.0,0.0,0.0,0.0,0.0,0.0,0.0,0.0,0.0
A00077,ret,1,CAR,97.86357000000001,67.6,,,,,,,,,,67.6,97.86357000000001,,,,,,,,,,,,,,,,,,,,,,,,,,,,18789.805440000004,0.0,0.0,0.0,0.0,0.0,0.0,0.0,0.0,0.0,0.0,0.0,0.0,18789.805440000004,41.592017250000005,0.0,0.0,0.0,0.0,0.0,0.0,0.0,0.0,0.0,0.0,0.0,0.0,41.592017250000005
A00078,ret,1,WALK,3.34556,43.016666666666666,BUS,0.47482,1.0,WALK,1.32025,17.816666666666666,RAIL,21.831709999999998,17.0,203.83333333333331,142.91819999999998,WALK,0.31516000000000005,4.716666666666667,RAIL,61.832620000000006,43.0,WALK,0.12185,1.9666666666666666,RAIL,52.009190000000004,54.0,WALK,1.6670399999999999,21.316666666666666,,,,,,,,,,,,,0.0,49.856100000000005,0.0,895.1001099999999,0.0,2535.13742,0.0,2132.3767900000003,0.0,0.0,0.0,0.0,0.0,5612.47042,0.0,0.094964,0.0,3.2747564999999996,0.0,9.274893,0.0,7.8013785,0.0,0.0,0.0,0.0,0.0,20.445992
A00079,ret,1,CAR,152.82609,96.86666666666666,,,,,,,,,,96.86666666666666,152.82609,,,,,,,,,,,,,,,,,,,,,,,,,,,,29342.609279999997,0.0,0.0,0.0,0.0,0.0,0.0,0.0,0.0,0.0,0.0,0.0,0.0,29342.609279999997,64.95108825,0.0,0.0,0.0,0.0,0.0,0.0,0.0,0.0,0.0,0.0,0.0,0.0,64.95108825
A00080,ret,1,CAR,150.44182999999998,105.26666666666667,,,,,,,,,,105.26666666666667,150.44182999999998,,,,,,,,,,,,,,,,,,,,,,,,,,,,28884.831359999996,0.0,0.0,0.0,0.0,0.0,0.0,0.0,0.0,0.0,0.0,0.0,0.0,28884.831359999996,63.93777774999999,0.0,0.0,0.0,0.0,0.0,0.0,0.0,0.0,0.0,0.0,0.0,0.0,63.93777774999999
A00081,ret,1,CAR,93.55479,64.31666666666666,,,,,,,,,,64.31666666666666,93.55479,,,,,,,,,,,,,,,,,,,,,,,,,,,,17962.519679999998,0.0,0.0,0.0,0.0,0.0,0.0,0.0,0.0,0.0,0.0,0.0,0.0,17962.519679999998,39.76078575,0.0,0.0,0.0,0.0,0.0,0.0,0.0,0.0,0.0,0.0,0.0,0.0,39.76078575
A00083,ret,1,BICYCLE,28.086509999999997,97.46666666666667,,,,,,,,,,97.46666666666667,28.086509999999997,,,,,,,,,,,,,,,,,,,,,,,,,,,,0.0,0.0,0.0,0.0,0.0,0.0,0.0,0.0,0.0,0.0,0.0,0.0,0.0,0.0,0.0,0.0,0.0,0.0,0.0,0.0,0.0,0.0,0.0,0.0,0.0,0.0,0.0,0.0
A00084,ret,1,CAR,251.81563,156.11666666666667,,,,,,,,,,156.11666666666667,251.81563,,,,,,,,,,,,,,,,,,,,,,,,,,,,48348.600959999996,0.0,0.0,0.0,0.0,0.0,0.0,0.0,0.0,0.0,0.0,0.0,0.0,48348.600959999996,107.02164275,0.0,0.0,0.0,0.0,0.0,0.0,0.0,0.0,0.0,0.0,0.0,0.0,107.02164275
A00085,ret,1,CAR,164.04496,103.43333333333334,,,,,,,,,,103.43333333333334,164.04496,,,,,,,,,,,,,,,,,,,,,,,,,,,,31496.63232,0.0,0.0,0.0,0.0,0.0,0.0,0.0,0.0,0.0,0.0,0.0,0.0,31496.63232,69.719108,0.0,0.0,0.0,0.0,0.0,0.0,0.0,0.0,0.0,0.0,0.0,0.0,69.719108
A00086,ret,1,WALK,3.49999,45.05,,,,,,,,,,45.05,3.49999,,,,,,,,,,,,,,,,,,,,,,,,,,,,0.0,0.0,0.0,0.0,0.0,0.0,0.0,0.0,0.0,0.0,0.0,0.0,0.0,0.0,0.0,0.0,0.0,0.0,0.0,0.0,0.0,0.0,0.0,0.0,0.0,0.0,0.0,0.0
A00087,ret,1,BICYCLE,44.62957,156.06666666666666,,,,,,,,,,156.06666666666666,44.62957,,,,,,,,,,,,,,,,,,,,,,,,,,,,0.0,0.0,0.0,0.0,0.0,0.0,0.0,0.0,0.0,0.0,0.0,0.0,0.0,0.0,0.0,0.0,0.0,0.0,0.0,0.0,0.0,0.0,0.0,0.0,0.0,0.0,0.0,0.0
A00088,ret,1,WALK,9.64125,121.78333333333333,,,,,,,,,,121.78333333333333,9.64125,,,,,,,,,,,,,,,,,,,,,,,,,,,,0.0,0.0,0.0,0.0,0.0,0.0,0.0,0.0,0.0,0.0,0.0,0.0,0.0,0.0,0.0,0.0,0.0,0.0,0.0,0.0,0.0,0.0,0.0,0.0,0.0,0.0,0.0,0.0
A00089,ret,1,CAR,127.7455,91.9,,,,,,,,,,91.9,127.7455,,,,,,,,,,,,,,,,,,,,,,,,,,,,24527.136000000002,0.0,0.0,0.0,0.0,0.0,0.0,0.0,0.0,0.0,0.0,0.0,0.0,24527.136000000002,54.2918375,0.0,0.0,0.0,0.0,0.0,0.0,0.0,0.0,0.0,0.0,0.0,0.0,54.2918375
A00090,ret,1,BICYCLE,64.06869,223.1,,,,,,,,,,223.1,64.06869,,,,,,,,,,,,,,,,,,,,,,,,,,,,0.0,0.0,0.0,0.0,0.0,0.0,0.0,0.0,0.0,0.0,0.0,0.0,0.0,0.0,0.0,0.0,0.0,0.0,0.0,0.0,0.0,0.0,0.0,0.0,0.0,0.0,0.0,0.0
A00091,ret,1,WALK,14.31551,181.61666666666667,,,,,,,,,,181.61666666666667,14.31551,,,,,,,,,,,,,,,,,,,,,,,,,,,,0.0,0.0,0.0,0.0,0.0,0.0,0.0,0.0,0.0,0.0,0.0,0.0,0.0,0.0,0.0,0.0,0.0,0.0,0.0,0.0,0.0,0.0,0.0,0.0,0.0,0.0,0.0,0.0
A00092,ret,1,WALK,1.7692999999999999,22.8,BUS,9.71358,21.0,WALK,0.18037,2.55,RAIL,80.00296,46.0,146.71666666666667,123.93693000000002,WALK,0.06036,0.8833333333333333,RAIL,29.375049999999998,16.0,WALK,2.8353099999999998,37.483333333333334,,,,,,,,,,,,,,,,,,,0.0,1019.9259000000001,0.0,3280.12136,0.0,1204.3770499999998,0.0,0.0,0.0,0.0,0.0,0.0,0.0,5504.42431,0.0,1.942716,0.0,12.000444,0.0,4.4062575,0.0,0.0,0.0,0.0,0.0,0.0,0.0,18.3494175
A00093,ret,1,WALK,6.82546,87.76666666666667,,,,,,,,,,87.76666666666667,6.82546,,,,,,,,,,,,,,,,,,,,,,,,,,,,0.0,0.0,0.0,0.0,0.0,0.0,0.0,0.0,0.0,0.0,0.0,0.0,0.0,0.0,0.0,0.0,0.0,0.0,0.0,0.0,0.0,0.0,0.0,0.0,0.0,0.0,0.0,0.0
A00094,ret,1,CAR,133.76992,92.88333333333334,,,,,,,,,,92.88333333333334,133.76992,,,,,,,,,,,,,,,,,,,,,,,,,,,,25683.824640000003,0.0,0.0,0.0,0.0,0.0,0.0,0.0,0.0,0.0,0.0,0.0,0.0,25683.824640000003,56.852216000000006,0.0,0.0,0.0,0.0,0.0,0.0,0.0,0.0,0.0,0.0,0.0,0.0,56.852216000000006
A00095,ret,1,BICYCLE,60.30963,208.28333333333333,,,,,,,,,,208.28333333333333,60.30963,,,,,,,,,,,,,,,,,,,,,,,,,,,,0.0,0.0,0.0,0.0,0.0,0.0,0.0,0.0,0.0,0.0,0.0,0.0,0.0,0.0,0.0,0.0,0.0,0.0,0.0,0.0,0.0,0.0,0.0,0.0,0.0,0.0,0.0,0.0
A00096,ret,1,WALK,3.2508000000000004,41.8,,,,,,,,,,41.8,3.2508000000000004,,,,,,,,,,,,,,,,,,,,,,,,,,,,0.0,0.0,0.0,0.0,0.0,0.0,0.0,0.0,0.0,0.0,0.0,0.0,0.0,0.0,0.0,0.0,0.0,0.0,0.0,0.0,0.0,0.0,0.0,0.0,0.0,0.0,0.0,0.0
A00097,ret,1,BICYCLE,21.02168,76.1,,,,,,,,,,76.1,21.02168,,,,,,,,,,,,,,,,,,,,,,,,,,,,0.0,0.0,0.0,0.0,0.0,0.0,0.0,0.0,0.0,0.0,0.0,0.0,0.0,0.0,0.0,0.0,0.0,0.0,0.0,0.0,0.0,0.0,0.0,0.0,0.0,0.0,0.0,0.0
A00098,ret,1,CAR,207.70434,130.23333333333332,,,,,,,,,,130.23333333333332,207.70434,,,,,,,,,,,,,,,,,,,,,,,,,,,,39879.23328,0.0,0.0,0.0,0.0,0.0,0.0,0.0,0.0,0.0,0.0,0.0,0.0,39879.23328,88.2743445,0.0,0.0,0.0,0.0,0.0,0.0,0.0,0.0,0.0,0.0,0.0,0.0,88.2743445
A00099,ret,1,CAR,71.23064,52.516666666666666,,,,,,,,,,52.516666666666666,71.23064,,,,,,,,,,,,,,,,,,,,,,,,,,,,13676.282879999999,0.0,0.0,0.0,0.0,0.0,0.0,0.0,0.0,0.0,0.0,0.0,0.0,13676.282879999999,30.273021999999997,0.0,0.0,0.0,0.0,0.0,0.0,0.0,0.0,0.0,0.0,0.0,0.0,30.273021999999997
A00100,ret,1,WALK,3.01655,38.9,,,,,,,,,,38.9,3.01655,,,,,,,,,,,,,,,,,,,,,,,,,,,,0.0,0.0,0.0,0.0,0.0,0.0,0.0,0.0,0.0,0.0,0.0,0.0,0.0,0.0,0.0,0.0,0.0,0.0,0.0,0.0,0.0,0.0,0.0,0.0,0.0,0.0,0.0,0.0
